snapshot_date,id,matricula,marca,modelo_versao,ano,combustivel,km,preco_eur,potencia_cv,transmissao,stand_marca,stand_cidade,distrito,data_matricula,url
2026-07-08,2772879158,AV66RF,Mitsubishi,L200 2.4 DID-D CD Invite Space Cab,2023,Diesel,100312,31450,150,Manual,Hyundai,Beja,Beja,03/01/2023,https://www.amatoscar.pt/carro-usado/mitsubishi-l200-2-4-did-d-cd-invite-space-cab-2772879158/
2026-07-08,2772325797,BX82GA,Fiat,Grande Panda Grande Panda Hybrid 1.2 110cv eDCT La Prima,2025,Gasolina,8000,21250,110,Automática,FIAT,Guarda,Guarda,28/08/2025,https://www.amatoscar.pt/carro-usado/fiat-grande-panda-grande-panda-hybrid-1-2-110cv-edct-la-prima-2772325797/
2026-07-08,2772804696,BS00HA,Peugeot,2008 1.2 Hybrid 145 Allure e-DCS6,2025,Gasolina,21642,24750,145,Automática,Peugeot,Portalegre,Portalegre,01/04/2025,https://www.amatoscar.pt/carro-usado/peugeot-2008-1-2-hybrid-145-allure-e-dcs6-2772804696/
2026-07-08,2772351529,BL66IA,Peugeot,3008 Allure 1.5 BlueHDi 130cv EAT8,2019,Diesel,156718,16950,130,Automática,Citroën,Portalegre,Portalegre,28/01/2019,https://www.amatoscar.pt/carro-usado/peugeot-3008-allure-1-5-bluehdi-130cv-eat8-2772351529/
2026-07-08,2772248004,BB53PT,Opel,Mokka 1.2T 100cv GS,2023,Gasolina,49584,19450,100,Manual,Citroën,Castelo Branco,Castelo Branco,14/06/2023,https://www.amatoscar.pt/carro-usado/opel-mokka-1-2t-100cv-gs-2772248004/
2026-07-08,2772823929,BZ79TQ,Citroen,C3 1.2 Turbo 100 CVM6 YOU,2025,Gasolina,4838,18450,100,Manual,Citroën,Covilhã,Castelo Branco,31/10/2025,https://www.amatoscar.pt/carro-usado/citroen-c3-1-2-turbo-100-cvm6-you-2772823929/
2026-07-08,2772828656,BR22DE,Peugeot,208 Hybrid 100 e-DCS6 Allure,2025,Híbrido,28303,20950,100,Automática,Peugeot,Portalegre,Portalegre,21/02/2025,https://www.amatoscar.pt/carro-usado/peugeot-208-hybrid-100-e-dcs6-allure-2772828656/
2026-07-08,2772217602,BQ28UZ,Peugeot,2008 1.2 100 cv Style,2025,Gasolina,26096,20250,110,Manual,Peugeot,Portalegre,Portalegre,11/02/2025,https://www.amatoscar.pt/carro-usado/peugeot-2008-1-2-100-cv-style-2772217602/
2026-07-08,2772187111,AC15IP,Hyundai,Tucson 1.6 CRDi Premium+Pack Pele,2020,Diesel,50942,21950,115,Manual,FIAT,Portalegre,Portalegre,18/08/2020,https://www.amatoscar.pt/carro-usado/hyundai-tucson-1-6-crdi-premiumpack-pele-2772187111/
2026-07-08,2772168337,BH90OG,Peugeot,2008 1.2 PureTech 100cv Active,2024,Gasolina,39421,18950,100,Manual,Peugeot,Portalegre,Portalegre,29/02/2024,https://www.amatoscar.pt/carro-usado/peugeot-2008-1-2-puretech-100cv-active-2772168337/
2026-07-08,2772168329,BH17OR,Peugeot,2008 1.2 PureTech 100cv Active,2024,Gasolina,39930,18950,100,Manual,Peugeot,Portalegre,Portalegre,29/02/2024,https://www.amatoscar.pt/carro-usado/peugeot-2008-1-2-puretech-100cv-active-2772168329/
2026-07-08,2772807815,BH89AP,DS,DS 7 E-TENSE 4X2 225 Performance Line,2024,Híbrido,24210,32950,225,Automática,Citroën,Beja,Beja,08/02/2024,https://www.amatoscar.pt/carro-usado/ds-ds-7-e-tense-4x2-225-performance-line-2772807815/
2026-07-08,2772338317,BV45BL,Citroen,C3 Aircross 1.2 100 Plus,2025,Gasolina,1,20750,100,Manual,Citroën,Beja,Beja,07/07/2025,https://www.amatoscar.pt/carro-usado/citroen-c3-aircross-1-2-100-plus-2772338317/
2026-07-08,2772825798,BC28RI,Cupra,Formentor 1.5 TSI DSG S&S,2023,Gasolina,44872,27450,150,Automática,Citroën,Guarda,Guarda,26/07/2023,https://www.amatoscar.pt/carro-usado/cupra-formentor-1-5-tsi-dsg-ss-2772825798/
2026-07-08,2772789752,39NO71,BMW,Serie 1 120d Sport Edition,2013,Diesel,195038,15450,177,Manual,BMW,Guarda,Guarda,13/03/2013,https://www.amatoscar.pt/carro-usado/bmw-serie-1-120d-sport-edition-2772789752/
2026-07-08,2772290428,47SR11,BMW,Serie 3 M3,2017,Gasolina,46284,76450,431,Automática,BMW,Guarda,Guarda,13/03/2017,https://www.amatoscar.pt/carro-usado/bmw-serie-3-m3-2772290428/
2026-07-08,2772222787,BL47CD,BMW,Serie 1 116d,2024,Diesel,62522,29450,116,Automática,BMW,Guarda,Guarda,31/05/2024,https://www.amatoscar.pt/carro-usado/bmw-serie-1-116d-2772222787/
2026-07-08,2772205734,BG64VT,BMW,X3 sDrive18d Auto 48V,2024,Diesel,25849,55500,150,Automática,BMW,Guarda,Guarda,01/02/2024,https://www.amatoscar.pt/carro-usado/bmw-x3-sdrive18d-auto-48v-2772205734/
2026-07-08,2772161287,BL62CC,BMW,Serie 1 116d,2024,Diesel,50675,29450,116,Automática,BMW,Guarda,Guarda,31/05/2024,https://www.amatoscar.pt/carro-usado/bmw-serie-1-116d-2772161287/
2026-07-08,2772161284,BL23CD,BMW,Serie 1 116d,2024,Diesel,24706,29950,116,Manual,BMW,Guarda,Guarda,31/05/2024,https://www.amatoscar.pt/carro-usado/bmw-serie-1-116d-2772161284/
2026-07-08,2772303710,43ZR56,Volvo,V40 T3 Sport Edition Plus Geartronic,2019,Gasolina,84557,18950,150,Automática,Volkswagen,Castelo Branco,Castelo Branco,30/12/2019,https://www.amatoscar.pt/carro-usado/volvo-v40-t3-sport-edition-plus-geartronic-2772303710/
2026-07-08,2772238640,BL95LL,Volkswagen,Taigo 1.0 TSI 95cv Urban,2024,Gasolina,41000,19950,95,Manual,Volkswagen,Castelo Branco,Castelo Branco,19/06/2024,https://www.amatoscar.pt/carro-usado/volkswagen-taigo-1-0-tsi-95cv-urban-2772238640/
2026-07-08,2772238637,BJ40PT,Volkswagen,Polo 1.0 TSI 95cv Urban DSG,2024,Gasolina,45042,19450,95,Manual,Volkswagen,Castelo Branco,Castelo Branco,16/05/2024,https://www.amatoscar.pt/carro-usado/volkswagen-polo-1-0-tsi-95cv-urban-dsg-2772238637/
2026-07-08,2772872710,74UA37,Isuzu,D-Max D-MAX 1.9 CAB DUPLA 4X4 L,2017,Diesel,204000,23450,163,Manual,Isuzu,Beja,Beja,22/12/2017,https://www.amatoscar.pt/carro-usado/isuzu-d-max-d-max-1-9-cab-dupla-4x4-l-2772872710/
2026-07-08,2772804689,AJ27CL,Ford,Fiesta 1.0 EcoBoost Hybrid mHEV 125 ST-LINE,2021,Gasolina,,14950,125,Manual,Hyundai,Beja,Beja,26/08/2021,https://www.amatoscar.pt/carro-usado/ford-fiesta-1-0-ecoboost-hybrid-mhev-125-st-line-2772804689/
2026-07-08,2772828623,BS83AH,Volvo,XC60 2.0 T6 350 AWD PHEV Core Auto,2025,Híbrido,123456,51950,350,Automática,Volvo,Castelo Branco,Castelo Branco,25/03/2025,https://www.amatoscar.pt/carro-usado/volvo-xc60-2-0-t6-350-awd-phev-core-auto-2772828623/
2026-07-08,2772319239,BU01XN,Volvo,XC40 B3 163cv Plus Dark Auto,2025,Híbrido,30000,38450,163,Automática,Volvo,Castelo Branco,Castelo Branco,01/07/2025,https://www.amatoscar.pt/carro-usado/volvo-xc40-b3-163cv-plus-dark-auto-2772319239/
2026-07-08,2772319238,BU88XM,Volvo,XC40 B3 163cv Plus Dark Auto,2025,Híbrido,25013,38450,163,Automática,Volvo,Castelo Branco,Castelo Branco,01/07/2025,https://www.amatoscar.pt/carro-usado/volvo-xc40-b3-163cv-plus-dark-auto-2772319238/
2026-07-08,2772319236,BT88IF,Volvo,XC60 2.0 T6 350 AWD PHEV Plus Dark Auto,2025,Híbrido,24808,54750,350,Automática,Volvo,Castelo Branco,Castelo Branco,15/05/2025,https://www.amatoscar.pt/carro-usado/volvo-xc60-2-0-t6-350-awd-phev-plus-dark-auto-2772319236/
2026-07-08,2772817124,BT36IX,Kia,Stonic 1.0 T-GDi 6MT DRIVE,2025,Gasolina,24163,18450,100,Manual,KIA,Fundão,Castelo Branco,16/05/2025,https://www.amatoscar.pt/carro-usado/kia-stonic-1-0-t-gdi-6mt-drive-2772817124/
2026-07-08,2772789746,BC72SM,Toyota,Yaris 1.0 Comfort Plus,2023,Gasolina,29053,17950,72,Manual,KIA,Fundão,Castelo Branco,27/07/2023,https://www.amatoscar.pt/carro-usado/toyota-yaris-1-0-comfort-plus-2772789746/
2026-07-08,2772789745,51XJ70,Renault,Twingo 1.0 SCe 70 S/S Limited,2019,Gasolina,81488,8950,70,Manual,KIA,Fundão,Castelo Branco,12/04/2019,https://www.amatoscar.pt/carro-usado/renault-twingo-1-0-sce-70-s-s-limited-2772789745/
2026-07-08,2772343751,BS04IN,Kia,XCeed 1.0 T-GDi 6MT DYNAMIC,2025,Gasolina,26108,20750,100,Manual,KIA,Fundão,Castelo Branco,03/04/2025,https://www.amatoscar.pt/carro-usado/kia-xceed-1-0-t-gdi-6mt-dynamic-2772343751/
2026-07-08,2772343748,BT89NN,Kia,cee’d 1.0 T-GDi 6MT DRIVE,2025,Gasolina,6283,20450,100,Manual,KIA,Fundão,Castelo Branco,22/05/2025,https://www.amatoscar.pt/carro-usado/kia-ceed-1-0-t-gdi-6mt-drive-2772343748/
2026-07-08,2772197957,BR72DG,Kia,Stonic 1.0 T-GDi 6MT DRIVE,2025,Gasolina,17672,17950,100,Manual,KIA,Fundão,Castelo Branco,21/02/2025,https://www.amatoscar.pt/carro-usado/kia-stonic-1-0-t-gdi-6mt-drive-2772197957/
2026-07-08,2772885826,AL39XF,Skoda,Kodiaq 2.0TDI 150cv STYLE DSG,2021,Diesel,72033,27450,150,Automática,Skoda,Évora,Évora,16/12/2021,https://www.amatoscar.pt/carro-usado/skoda-kodiaq-2-0tdi-150cv-style-dsg-2772885826/
2026-07-08,2772861074,BU09CH,BMW,Serie 7 740d xDrive 48V,2025,Diesel,6520,124950,299,Automática,BMW,Évora,Évora,09/06/2025,https://www.amatoscar.pt/carro-usado/bmw-serie-7-740d-xdrive-48v-2772861074/
2026-07-08,2772861072,AV33FJ,Hyundai,i20 1.2 MPi Comfort MY21,2022,Gasolina,49824,14950,84,Manual,Hyundai,Évora,Évora,14/12/2022,https://www.amatoscar.pt/carro-usado/hyundai-i20-1-2-mpi-comfort-my21-2772861072/
2026-07-08,2772828615,BT24US,Hyundai,i10 1.0 MPi Comfort MY25 (TT),2025,Gasolina,14477,17450,62,Manual,Hyundai,Évora,Évora,30/05/2025,https://www.amatoscar.pt/carro-usado/hyundai-i10-1-0-mpi-comfort-my25-tt-2772828615/
2026-07-08,2772828611,BI32JD,Hyundai,i20 1.2 MPi Comfort MY24,2024,Gasolina,38949,17450,84,Manual,Hyundai,Évora,Évora,27/03/2024,https://www.amatoscar.pt/carro-usado/hyundai-i20-1-2-mpi-comfort-my24-2772828611/
2026-07-08,2772823918,AU18BV,SEAT,Arona 1.0 TSI STYLE 6v,2022,Gasolina,139394,13950,110,Manual,Seat,Évora,Évora,27/10/2022,https://www.amatoscar.pt/carro-usado/seat-arona-1-0-tsi-style-6v-2772823918/
2026-07-08,2772819554,BF86GG,BMW,i4 eDrive40,2023,Eletrico,66590,43990,340,Automática,BMW,Évora,Évora,20/11/2023,https://www.amatoscar.pt/carro-usado/bmw-i4-edrive40-2772819554/
2026-07-08,2772804685,BO85SG,Hyundai,Bayon 1.0 T-GDi Premium MY25 (TT),2024,Gasolina,28453,20750,100,Manual,Hyundai,Évora,Évora,08/11/2024,https://www.amatoscar.pt/carro-usado/hyundai-bayon-1-0-t-gdi-premium-my25-tt-2772804685/
2026-07-08,2772792551,BL69UQ,Hyundai,i20 1.0 T-GDi Style MY25,2024,Gasolina,28861,19250,100,Manual,Hyundai,Évora,Évora,28/06/2024,https://www.amatoscar.pt/carro-usado/hyundai-i20-1-0-t-gdi-style-my25-2772792551/
2026-07-08,2772792550,BG69SI,Hyundai,Bayon 1.0 T-GDi DCT Premium MY23,2024,Gasolina,39511,21250,100,Manual,Hyundai,Évora,Évora,29/01/2024,https://www.amatoscar.pt/carro-usado/hyundai-bayon-1-0-t-gdi-dct-premium-my23-2772792550/
2026-07-08,2772791346,BJ30VU,Hyundai,i20 1.2 MPi Comfort MY24,2024,Gasolina,36164,17450,84,Manual,Hyundai,Évora,Évora,27/05/2024,https://www.amatoscar.pt/carro-usado/hyundai-i20-1-2-mpi-comfort-my24-2772791346/
2026-07-08,2772788272,AZ37GG,Hyundai,Bayon 1.0 T-GDi Premium MY21,2023,Gasolina,68066,16450,100,Manual,Hyundai,Évora,Évora,16/03/2023,https://www.amatoscar.pt/carro-usado/hyundai-bayon-1-0-t-gdi-premium-my21-2772788272/
2026-07-08,2772346179,AB18MC,Hyundai,Kauai 1.0T-GDi Premium TT,2020,Gasolina,98764,15950,120,Manual,Hyundai,Évora,Évora,30/06/2020,https://www.amatoscar.pt/carro-usado/hyundai-kauai-1-0t-gdi-premium-tt-2772346179/
2026-07-08,2772343747,AN34RV,Peugeot,3008 Allure HYBRID 225cv e-EAT8,2022,Híbrido,134669,22450,225,Automática,,Évora,Évora,31/01/2022,https://www.amatoscar.pt/carro-usado/peugeot-3008-allure-hybrid-225cv-e-eat8-2772343747/
2026-07-08,2772327677,BH18CO,Hyundai,Tucson 1.6 TGDi Premium,2024,Gasolina,35818,28450,150,Manual,Hyundai,Évora,Évora,14/02/2024,https://www.amatoscar.pt/carro-usado/hyundai-tucson-1-6-tgdi-premium-2772327677/
2026-07-08,2772298447,AO67UL,Hyundai,Kauai 1.0 T-GDi Premium MY21,2022,Gasolina,74994,17950,120,Manual,Hyundai,Évora,Évora,23/03/2022,https://www.amatoscar.pt/carro-usado/hyundai-kauai-1-0-t-gdi-premium-my21-2772298447/
2026-07-08,2772239099,BI26VB,Nissan,JUKE 1.0 DIG-T 114cv Tekna,2024,Gasolina,35000,21250,114,Manual,Tekna,Évora,Évora,16/04/2024,https://www.amatoscar.pt/carro-usado/nissan-juke-1-0-dig-t-114cv-tekna-2772239099/
2026-07-08,2772237655,15TP34,Peugeot,2008 Allure 1.2 PureTech 82 CVM5,2017,Gasolina,135583,10450,82,Manual,,Évora,Évora,26/09/2017,https://www.amatoscar.pt/carro-usado/peugeot-2008-allure-1-2-puretech-82-cvm5-2772237655/
2026-07-08,2772236367,BG25AN,Opel,Mokka 1.2T 100cv GS,2023,Gasolina,34277,18950,100,Manual,Opel,Évora,Évora,21/12/2023,https://www.amatoscar.pt/carro-usado/opel-mokka-1-2t-100cv-gs-2772236367/
2026-07-08,2772230417,BJ40UA,Hyundai,Kauai 1.0 T-GDi Premium MY25 (TT),2024,Gasolina,30425,24250,100,Manual,Hyundai,Évora,Évora,23/05/2024,https://www.amatoscar.pt/carro-usado/hyundai-kauai-1-0-t-gdi-premium-my25-tt-2772230417/
2026-07-08,2772230411,BO69NH,Hyundai,Bayon 1.0 T-GDi DCT Premium MY25,2024,Gasolina,28345,20750,100,Automática,Hyundai,Évora,Évora,30/10/2024,https://www.amatoscar.pt/carro-usado/hyundai-bayon-1-0-t-gdi-dct-premium-my25-2772230411/
2026-07-08,2772182692,BH02XO,SEAT,Arona 1.0 TSI STYLE DSG 7v,2024,Gasolina,36136,19950,115,Automática,Seat,Évora,Évora,18/03/2024,https://www.amatoscar.pt/carro-usado/seat-arona-1-0-tsi-style-dsg-7v-2772182692/
2026-07-08,2772161277,BI57MQ,BMW,Serie 3 320d Auto 48V,2024,Diesel,52869,39950,190,Automática,BMW,Évora,Évora,28/03/2024,https://www.amatoscar.pt/carro-usado/bmw-serie-3-320d-auto-48v-2772161277/
2026-07-08,2772161274,BH30PB,BMW,Serie 1 116d,2024,Diesel,37923,29450,116,Automática,BMW,Évora,Évora,29/02/2024,https://www.amatoscar.pt/carro-usado/bmw-serie-1-116d-2772161274/
2026-07-08,2772161270,BL89CD,BMW,Serie 1 116d,2024,Diesel,42832,29450,116,Manual,BMW,Évora,Évora,31/05/2024,https://www.amatoscar.pt/carro-usado/bmw-serie-1-116d-2772161270/
2026-07-08,2772161268,BI05MQ,BMW,Serie 1 116d,2024,Diesel,38879,30450,116,Manual,BMW,Évora,Évora,28/03/2024,https://www.amatoscar.pt/carro-usado/bmw-serie-1-116d-2772161268/
2026-07-08,2771949160,AR52AR,Audi,A6 40 TDI S tronic Avant,2022,Diesel,88867,41450,204,Automática,Audi,Évora,Évora,23/05/2022,https://www.amatoscar.pt/carro-usado/audi-a6-40-tdi-s-tronic-avant-2771949160/
2026-07-08,2771949048,AX02RG,BMW,i4 eDrive40,2023,Eletrico,37166,49950,340,Automática,BMW,Évora,Évora,22/02/2023,https://www.amatoscar.pt/carro-usado/bmw-i4-edrive40-2771949048/
2026-07-08,2772788267,50QP29,Volkswagen,Golf 2.0 TDI 150 cv CONFORTLINE,2015,Diesel,125966,14950,150,Manual,FIAT,Portalegre,Portalegre,26/11/2015,https://www.amatoscar.pt/carro-usado/volkswagen-golf-2-0-tdi-150-cv-confortline-2772788267/
2026-07-08,2772819550,BU82PS,Opel,Mokka 1.2T 136cv GS,2025,Gasolina,11193,21950,136,Manual,Opel,Beja,Beja,26/05/2025,https://www.amatoscar.pt/carro-usado/opel-mokka-1-2t-136cv-gs-2772819550/
2026-07-08,2772794539,BU88UH,Opel,Mokka 1.2T 136cv GS,2025,Gasolina,26002,21450,136,Manual,Opel,Beja,Beja,30/06/2025,https://www.amatoscar.pt/carro-usado/opel-mokka-1-2t-136cv-gs-2772794539/
2026-07-08,2772784034,AG77FQ,Mercedes Benz,Classe A A 160 Manual,2021,Gasolina,105520,23450,109,Manual,Citroën,Beja,Beja,08/04/2021,https://www.amatoscar.pt/carro-usado/mercedes-benz-classe-a-a-160-manual-2772784034/
2026-07-08,2772872625,BT62GN,Kia,Stonic 1.0 T-GDi 6MT DRIVE,2025,Gasolina,29270,17950,100,Manual,FIAT,Castelo Branco,Castelo Branco,13/05/2025,https://www.amatoscar.pt/carro-usado/kia-stonic-1-0-t-gdi-6mt-drive-2772872625/
2026-07-08,2772872620,BT11GN,Kia,Stonic 1.2 MPi 5MT DYNAMIC,2025,Gasolina,,17450,79,Manual,FIAT,Castelo Branco,Castelo Branco,13/05/2025,https://www.amatoscar.pt/carro-usado/kia-stonic-1-2-mpi-5mt-dynamic-2772872620/
2026-07-08,2772820634,BT11CS,Kia,XCeed 1.0 T-GDi 6MT DYNAMIC,2025,Gasolina,18604,20750,100,Manual,FIAT,Castelo Branco,Castelo Branco,07/05/2025,https://www.amatoscar.pt/carro-usado/kia-xceed-1-0-t-gdi-6mt-dynamic-2772820634/
2026-07-08,2772235429,BJ33XJ,Fiat,Panda PANDA 1.0 Hybrid 70cv,2024,Híbrido,40817,12950,70,Manual,FIAT,Guarda,Guarda,28/05/2024,https://www.amatoscar.pt/carro-usado/fiat-panda-panda-1-0-hybrid-70cv-2772235429/
2026-07-08,2772235428,BI43HQ,Fiat,Panda PANDA 1.0 Hybrid 70cv,2024,Híbrido,39374,12950,70,Manual,FIAT,Guarda,Guarda,27/03/2024,https://www.amatoscar.pt/carro-usado/fiat-panda-panda-1-0-hybrid-70cv-2772235428/
2026-07-08,2772235427,BI73HP,Fiat,Panda PANDA 1.0 Hybrid 70cv,2024,Híbrido,40325,12950,70,Manual,FIAT,Guarda,Guarda,27/03/2024,https://www.amatoscar.pt/carro-usado/fiat-panda-panda-1-0-hybrid-70cv-2772235427/
2026-07-08,2772879145,BJ61RB,Nissan,JUKE 1.0 DIG-T 114cv N-Connecta TT,2024,Gasolina,50141,20950,114,Manual,Nissan,Évora,Évora,20/05/2024,https://www.amatoscar.pt/carro-usado/nissan-juke-1-0-dig-t-114cv-n-connecta-tt-2772879145/
2026-07-08,2772879140,BG24UG,Nissan,JUKE 1.0 DIG-T 114cv Acenta DCT,2024,Gasolina,38326,20950,114,Automática,Nissan,Évora,Évora,31/01/2024,https://www.amatoscar.pt/carro-usado/nissan-juke-1-0-dig-t-114cv-acenta-dct-2772879140/
2026-07-08,2772786914,BF60JE,Isuzu,D-Max III 1.9 DDI,2023,Gasolina,50171,30750,164,Manual,BYD,Évora,Évora,24/11/2023,https://www.amatoscar.pt/carro-usado/isuzu-d-max-iii-1-9-ddi-2772786914/
2026-07-08,2772325802,BJ93RA,Nissan,JUKE 1.0 DIG-T 114cv N-Connecta DCT,2024,Gasolina,49150,21950,114,Automática,Nissan,Évora,Évora,20/05/2024,https://www.amatoscar.pt/carro-usado/nissan-juke-1-0-dig-t-114cv-n-connecta-dct-2772325802/
2026-07-08,2772325801,BJ46RB,Nissan,JUKE 1.0 DIG-T 114cv N-Connecta DCT,2024,Gasolina,40372,21950,114,Automática,Nissan,Évora,Évora,20/05/2024,https://www.amatoscar.pt/carro-usado/nissan-juke-1-0-dig-t-114cv-n-connecta-dct-2772325801/
2026-07-08,2772296615,BQ29DF,BYD,Seal U DM-i SEAL U DM-i Design,2025,Híbrido,25919,42450,324,Manual,BYD,Évora,Évora,06/01/2025,https://www.amatoscar.pt/carro-usado/byd-seal-u-dm-i-seal-u-dm-i-design-2772296615/
2026-07-08,2772282192,BI70DG,Nissan,Qashqai 1.3 140CV mHEV MT 4×2 N-Connecta LED + S,2024,Híbrido,29002,28950,140,Manual,Nissan,Évora,Évora,25/03/2024,https://www.amatoscar.pt/carro-usado/nissan-qashqai-1-3-140cv-mhev-mt-4x2-n-connecta-led-s-2772282192/
2026-07-08,2772282191,BG90UF,Nissan,Qashqai 1.3 140CV mHEV MT 4×2 N-Connecta,2024,Híbrido,50232,28950,140,Manual,Nissan,Évora,Évora,31/01/2024,https://www.amatoscar.pt/carro-usado/nissan-qashqai-1-3-140cv-mhev-mt-4x2-n-connecta-2772282191/
2026-07-08,2772282189,BH73ME,Nissan,JUKE 1.0 DIG-T 114cv Acenta,2024,Gasolina,39817,20950,114,Manual,Nissan,Évora,Évora,28/02/2024,https://www.amatoscar.pt/carro-usado/nissan-juke-1-0-dig-t-114cv-acenta-2772282189/
2026-07-08,2772280634,BH69MF,Nissan,JUKE 1.0 DIG-T 114cv N-Connecta TT DCT,2024,Gasolina,35173,21950,114,Automática,Nissan,Évora,Évora,28/02/2024,https://www.amatoscar.pt/carro-usado/nissan-juke-1-0-dig-t-114cv-n-connecta-tt-dct-2772280634/
2026-07-08,2772280632,BH64SO,Nissan,Qashqai 1.3 158cv mHEV AT 4×2 N-Connecta LED + S,2024,Híbrido,32500,28950,158,Automática,Nissan,Évora,Évora,11/03/2024,https://www.amatoscar.pt/carro-usado/nissan-qashqai-1-3-158cv-mhev-at-4x2-n-connecta-led-s-2772280632/
2026-07-08,2772280630,BI21DJ,Nissan,Qashqai 1.3 140CV mHEV MT 4×2 Acenta,2024,Gasolina,30400,25950,140,Manual,Nissan,Évora,Évora,25/03/2024,https://www.amatoscar.pt/carro-usado/nissan-qashqai-1-3-140cv-mhev-mt-4x2-acenta-2772280630/
2026-07-08,2772280622,BG19UH,Nissan,Qashqai 1.3 140CV mHEV MT 4×2 Acenta,2024,Gasolina,45571,25950,140,Manual,Nissan,Évora,Évora,31/01/2024,https://www.amatoscar.pt/carro-usado/nissan-qashqai-1-3-140cv-mhev-mt-4x2-acenta-2772280622/
2026-07-08,2772279780,BI40DH,Nissan,Qashqai 1.3 158cv mHEV AT 4×2 N-Connecta LED + S,2024,Híbrido,52010,28950,158,Automática,Nissan,Évora,Évora,25/03/2024,https://www.amatoscar.pt/carro-usado/nissan-qashqai-1-3-158cv-mhev-at-4x2-n-connecta-led-s-2772279780/
2026-07-08,2772179075,BH54SN,Nissan,Qashqai 1.3 140CV mHEV MT 4×2 N-Connecta,2024,Híbrido,31956,28950,140,Manual,Nissan,Évora,Évora,11/03/2024,https://www.amatoscar.pt/carro-usado/nissan-qashqai-1-3-140cv-mhev-mt-4x2-n-connecta-2772179075/
2026-07-08,2772179068,BH48SO,Nissan,Qashqai 1.3 140CV mHEV MT 4×2 N-Connecta,2024,Híbrido,29134,28950,140,Manual,Nissan,Évora,Évora,11/03/2024,https://www.amatoscar.pt/carro-usado/nissan-qashqai-1-3-140cv-mhev-mt-4x2-n-connecta-2772179068/
2026-07-08,2772132344,BB69IV,Nissan,Qashqai 1.3 DIG-T 140CV mHEV 6MT N-Connecta,2023,Híbrido,24364,26990,140,Manual,Nissan,Évora,Évora,31/05/2023,https://www.amatoscar.pt/carro-usado/nissan-qashqai-1-3-dig-t-140cv-mhev-6mt-n-connecta-2772132344/
2026-07-08,2772350129,BU76RB,Fiat,600 600 Hybrid 1.2 145cv DCT POP,2025,Híbrido,11270,22450,145,Manual,FIAT,Guarda,Guarda,18/06/2025,https://www.amatoscar.pt/carro-usado/fiat-600-600-hybrid-1-2-145cv-dct-pop-2772350129/
2026-07-08,2772350127,BU85RC,Fiat,600 600 Hybrid 1.2 145cv DCT POP,2025,Híbrido,15417,22250,145,Automática,FIAT,Guarda,Guarda,28/06/2025,https://www.amatoscar.pt/carro-usado/fiat-600-600-hybrid-1-2-145cv-dct-pop-2772350127/
2026-07-08,2772249895,AV70MV,Volkswagen,"Crafter 35 Carg L3H3 11,3M3 2.0TDI Diant",2022,Diesel,204346,23450,140,Manual,Citroën,Guarda,Guarda,29/12/2022,https://www.amatoscar.pt/carro-usado/volkswagen-crafter-35-carg-l3h3-113m3-2-0tdi-diant-2772249895/
2026-07-08,2772207461,AZ34RJ,Fiat,Tipo 1.3 Multijet 95cv Tipo,2023,Diesel,67143,16450,95,Manual,FIAT,Guarda,Guarda,30/03/2023,https://www.amatoscar.pt/carro-usado/fiat-tipo-1-3-multijet-95cv-tipo-2772207461/
2026-07-08,2772207457,AX17VG,Fiat,Tipo 1.3 Multijet 95cv Tipo,2023,Diesel,68452,16450,95,Manual,FIAT,Guarda,Guarda,28/02/2023,https://www.amatoscar.pt/carro-usado/fiat-tipo-1-3-multijet-95cv-tipo-2772207457/
2026-07-08,2772189788,BA50AB,Ford,Focus 1.0 ECOBOOST 125cv MHEV ACTIVE,2023,Gasolina,92903,17450,125,Manual,Citroën,Guarda,Guarda,14/04/2023,https://www.amatoscar.pt/carro-usado/ford-focus-1-0-ecoboost-125cv-mhev-active-2772189788/
2026-07-08,2772861047,AX52AU,Mercedes Benz,Classe A A 180 d Auto,2023,Diesel,89000,20950,116,Automática,Toyota,Guarda,Guarda,20/01/2023,https://www.amatoscar.pt/carro-usado/mercedes-benz-classe-a-a-180-d-auto-2772861047/
2026-07-08,2772822530,BG05IL,Toyota,Proace City L1 1.5D 100cv Comfort,2024,Diesel,48224,18950,100,Manual,Toyota,Guarda,Guarda,09/01/2024,https://www.amatoscar.pt/carro-usado/toyota-proace-city-l1-1-5d-100cv-comfort-2772822530/
2026-07-08,2772822529,BL73II,Toyota,Yaris 1.5 Hybrid115 Dynamic Force Comfort Plus,2024,Gasolina,36769,24250,116,Automática,Toyota,Guarda,Guarda,17/06/2024,https://www.amatoscar.pt/carro-usado/toyota-yaris-1-5-hybrid115-dynamic-force-comfort-plus-2772822529/
2026-07-08,2772822528,BH33HL,Toyota,Yaris Cross 1.5 Hybrid 115 Comfort,2024,Gasolina,53153,26000,116,Automática,Toyota,Guarda,Guarda,22/02/2024,https://www.amatoscar.pt/carro-usado/toyota-yaris-cross-1-5-hybrid-115-comfort-2772822528/
2026-07-08,2772801322,BS58DR,Volkswagen,Amarok Style 4×4 3.0TDI 240cv,2025,Diesel,20068,52950,240,Automática,Toyota,Guarda,Guarda,28/03/2025,https://www.amatoscar.pt/carro-usado/volkswagen-amarok-style-4x4-3-0tdi-240cv-2772801322/
2026-07-08,2772337238,BJ10LM,Toyota,Aygo X 1.0 VVT-i play,2024,Gasolina,33875,17750,72,Manual,Toyota,Guarda,Guarda,08/05/2024,https://www.amatoscar.pt/carro-usado/toyota-aygo-x-1-0-vvt-i-play-2772337238/
2026-07-08,2772303690,BI12HG,Nissan,JUKE 1.0 DIG-T 114cv N-Connecta TT,2024,Gasolina,8423,20950,114,Manual,Toyota,Guarda,Guarda,27/03/2024,https://www.amatoscar.pt/carro-usado/nissan-juke-1-0-dig-t-114cv-n-connecta-tt-2772303690/
2026-07-08,2772163630,BI57DT,Toyota,Yaris Cross 1.5 Hybrid 115 Comfort Plus,2024,Gasolina,45204,25950,116,Automática,Toyota,Guarda,Guarda,25/03/2024,https://www.amatoscar.pt/carro-usado/toyota-yaris-cross-1-5-hybrid-115-comfort-plus-2772163630/
2026-07-08,2771948924,AO06BP,Toyota,Corolla 1.8 Hybrid Comfort+Pack Sport,2022,Gasolina,47433,26950,122,Manual,Toyota,Guarda,Guarda,18/02/2022,https://www.amatoscar.pt/carro-usado/toyota-corolla-1-8-hybrid-comfortpack-sport-2771948924/
2026-07-08,2771948923,AN89XT,Toyota,C-HR 1.8 Hybrid Square Collection,2022,Gasolina,28764,29950,122,Manual,Toyota,Guarda,Guarda,14/02/2022,https://www.amatoscar.pt/carro-usado/toyota-c-hr-1-8-hybrid-square-collection-2771948923/
2026-07-08,2772310120,CE38HT,Opel,Corsa 1.2 Turbo 100cv Edition CM6,2026,Gasolina,300,20450,100,Manual,,Évora,Évora,05/03/2026,https://www.amatoscar.pt/carro-usado/opel-corsa-1-2-turbo-100cv-edition-cm6-2772310120/
2026-07-08,2772091645,BT75SC,Volkswagen,Multivan 1.5TSI PHEV Life DSG,2025,Gasolina,58,54950,245,automática,DSG,Évora,Évora,09/05/2025,https://www.amatoscar.pt/carro-usado/volkswagen-multivan-1-5tsi-phev-life-dsg-2772091645/
2026-07-08,2772309269,CF95BQ,Volkswagen,Golf 1.5 TSI 116cv Urban,2026,Gasolina,9,28950,116,Manual,Urban,Évora,Évora,04/03/2026,https://www.amatoscar.pt/carro-usado/volkswagen-golf-1-5-tsi-116cv-urban-2772309269/
2026-07-08,2772091655,BS54CF,Volkswagen,Golf 1.5 eTSI 115cv STYLE DSG,2025,Gasolina,60,37950,115,Automática,DSG,Évora,Évora,09/06/2025,https://www.amatoscar.pt/carro-usado/volkswagen-golf-1-5-etsi-115cv-style-dsg-2772091655/
2026-07-08,2772334870,CF39UP,Volkswagen,Caddy 2.0 TDI 102cv Maxi Life,2026,Diesel,,44450,102,Manual,Life,Évora,Évora,31/03/2026,https://www.amatoscar.pt/carro-usado/volkswagen-caddy-2-0-tdi-102cv-maxi-life-2772334870/
2026-07-08,2772239093,CB37CE,Volkswagen,Caddy Life 1.5PHEV 150 DSG,2025,Híbrido,10,32450,150,Automática,DSG,Évora,Évora,25/12/2025,https://www.amatoscar.pt/carro-usado/volkswagen-caddy-life-1-5phev-150-dsg-2772239093/
2026-07-08,2772092068,BT46UU,Hyundai,Santa Fe 1.6 PHEV Vanguard MY25,2025,Híbrido,800,60450,253,Automática,,Évora,Évora,10/06/2025,https://www.amatoscar.pt/carro-usado/hyundai-santa-fe-1-6-phev-vanguard-my25-2772092068/
2026-07-08,2772170834,BZ03BU,Hyundai,Kauai Vanguard EV 66kWh MY24 (TT),2025,Eletrico,1684,37950,218,Automática,,Évora,Évora,07/10/2025,https://www.amatoscar.pt/carro-usado/hyundai-kauai-vanguard-ev-66kwh-my24-tt-2772170834/
2026-07-08,2772147283,BV40RG,Hyundai,i10 1.0 MPi Comfort MY25 (TT),2025,Gasolina,,18450,62,Manual,,Évora,Évora,04/09/2025,https://www.amatoscar.pt/carro-usado/hyundai-i10-1-0-mpi-comfort-my25-tt-2772147283/
2026-07-08,2772191408,BZ42TZ,Hyundai,Bayon 1.0 T-GDi Premium MY25 (TT),2025,Gasolina,1500,22950,100,Manual,,Évora,Évora,04/11/2025,https://www.amatoscar.pt/carro-usado/hyundai-bayon-1-0-t-gdi-premium-my25-tt-2772191408/
2026-07-08,2772306784,CF98DR,Citroen,C5 X Híbrido Plug-in 180 S&S ëEAT8 Max,2026,Híbrido,,45950,180,Automática,Max,Évora,Évora,03/03/2026,https://www.amatoscar.pt/carro-usado/citroen-c5-x-hibrido-plug-in-180-ss-eeat8-max-2772306784/
2026-07-08,2772239822,BQ30GA,Citroen,ë-C4 Elétrico 156cv Autonomia Alargada – MAX,2025,Eletrico,1905,30950,156,Automática,MAX,Évora,Évora,28/12/2025,https://www.amatoscar.pt/carro-usado/citroen-e-c4-eletrico-156cv-autonomia-alargada-max-2772239822/
2026-07-08,2772891725,CI26UG,Nissan,LEAF 52 kWh Advance,2026,Eletrico,183,48056,177,Automática,Nissan,Évora,Évora,02/07/2026,https://www.amatoscar.pt/carro-usado/nissan-leaf-52-kwh-advance-2772891725/
2026-07-08,2772782201,CG43NP,Hyundai,Tucson 1.6 TGDi Premium MY26,2026,Gasolina,,34950,148,Manual,,Évora,Évora,22/04/2026,https://www.amatoscar.pt/carro-usado/hyundai-tucson-1-6-tgdi-premium-my26-2772782201/
2026-07-08,2772161781,BX38OG,BMW,iX1 eDrive20,2025,Eletrico,13485,42950,204,Automática,,Évora,Évora,29/09/2025,https://www.amatoscar.pt/carro-usado/bmw-ix1-edrive20-2772161781/
2026-07-08,2772338279,CG15AP,Fiat,600 Hybrid 1.2 145cv Sport,2026,Gasolina,6,27450,145,Automática,FIAT,Guarda,Guarda,02/04/2026,https://www.amatoscar.pt/carro-usado/fiat-600-hybrid-1-2-145cv-sport-2772338279/
2026-07-08,2772794605,CH27AF,Peugeot,e-208 Style Elétrico 136 cv (100 kW) – Bateria 50 kW,2026,Eletrico,,26950,136,Automática,kW,Évora,Évora,05/05/2026,https://www.amatoscar.pt/carro-usado/peugeot-e-208-style-eletrico-136-cv-100-kw-bateria-50-kw-2772794605/
2026-07-08,2772248505,CB42LL,Audi,A5 TDI Avant,2026,Diesel,1019,50450,204,Automática,Avant,Évora,Évora,01/01/2026,https://www.amatoscar.pt/carro-usado/audi-a5-tdi-avant-2772248505/
2026-07-08,2772339221,CF52LB,Volvo,XC60 2.0 T6 350 AWD PHEV Plus Bright Auto,2026,Híbrido,246,60950,350,Automática,Auto,Évora,Évora,03/04/2026,https://www.amatoscar.pt/carro-usado/volvo-xc60-2-0-t6-350-awd-phev-plus-bright-auto-2772339221/
2026-07-08,2772885280,CI01PL,BMW,Serie 5 M5,2026,Híbrido,15,171265,727,Automática,,Évora,Évora,24/06/2026,https://www.amatoscar.pt/carro-usado/bmw-serie-5-m5-2772885280/
2026-07-08,2772860713,CH21UQ,Audi,Q2 30 TFSI Advance,2026,Gasolina,20,33250,116,Manual,Advance,Évora,Évora,15/06/2026,https://www.amatoscar.pt/carro-usado/audi-q2-30-tfsi-advance-2772860713/
2026-07-08,2772306776,CF88AH,Volvo,XC40 B3 163cv Plus Dark Auto,2026,Gasolina,135,43450,163,Automática,Auto,Évora,Évora,03/03/2026,https://www.amatoscar.pt/carro-usado/volvo-xc40-b3-163cv-plus-dark-auto-2772306776/
2026-07-08,2772306777,CE97XP,Volvo,XC40 B3 163cv Plus Dark Auto,2026,Gasolina,,43450,163,automática,Auto,Évora,Évora,03/03/2026,https://www.amatoscar.pt/carro-usado/volvo-xc40-b3-163cv-plus-dark-auto-2772306777/
2026-07-08,2772091509,AV40VR,Volvo,XC40 Recharge Twin 408 cv Plus 4WD,2023,Eletrico,,44950,408,Automática,WD,Évora,Évora,09/01/2023,https://www.amatoscar.pt/carro-usado/volvo-xc40-recharge-twin-408-cv-plus-4wd-2772091509/
2026-07-08,2772213536,BZ39NV,Volvo,EX90 Single Motor Plus RWD 333cv,2025,Eletrico,3391,73950,333,Automática,cv,Évora,Évora,25/11/2025,https://www.amatoscar.pt/carro-usado/volvo-ex90-single-motor-plus-rwd-333cv-2772213536/
2026-07-08,2772163661,BX92XU,Volvo,EX30 Cross Country 69 kWh Twin Motor Performance Ultra AWD,2025,Eletrico,6454,48450,428,Automática,AWD,Évora,Évora,30/09/2025,https://www.amatoscar.pt/carro-usado/volvo-ex30-cross-country-69-kwh-twin-motor-performance-ultra-awd-2772163661/
2026-07-08,2772338298,CF85EC,Volvo,EX30 69 kWh Single Motor Extended Range 272cv Ultra,2026,Eletrico,1634,46950,272,Automática,Ultra,Évora,Évora,02/04/2026,https://www.amatoscar.pt/carro-usado/volvo-ex30-69-kwh-single-motor-extended-range-272cv-ultra-2772338298/
2026-07-08,2772147354,BX03FL,Peugeot,408 Elétrico 210 cv – Bateria 58 kWh GT,2025,Eletrico,3,39250,210,Automática,GT,Évora,Évora,04/09/2025,https://www.amatoscar.pt/carro-usado/peugeot-408-eletrico-210-cv-bateria-58-kwh-gt-2772147354/
2026-07-08,2772159141,BX85TE,Peugeot,208 Style El. 136cv (100 kW) – Bat. 50 kW,2025,Eletrico,2,25450,136,Automática,kW,Évora,Évora,24/09/2025,https://www.amatoscar.pt/carro-usado/peugeot-208-style-el-136cv-100-kw-bat-50-kw-2772159141/
2026-07-08,2772280654,CE18DZ,Peugeot,2008 1.2 100 cv Style,2026,Gasolina,,23250,100,Manual,Style,Évora,Évora,31/01/2026,https://www.amatoscar.pt/carro-usado/peugeot-2008-1-2-100-cv-style-2772280654/
2026-07-08,2772248506,CB49LL,Audi,Q6 e-tron performance 100 kWh,2026,Eletrico,10,68450,306,Automática,kWh,Évora,Évora,01/01/2026,https://www.amatoscar.pt/carro-usado/audi-q6-e-tron-performance-100-kwh-2772248506/
2026-07-08,2772147270,BU66PJ,Audi,A6 Avant e-tron Performance 100 kWh,2025,Eletrico,5,63950,367,Automática,kWh,Évora,Évora,04/06/2025,https://www.amatoscar.pt/carro-usado/audi-a6-avant-e-tron-performance-100-kwh-2772147270/
2026-07-08,2772091578,BT68HC,Audi,A6 e-tron Sportback e-tron performance 367 KM/270 kW,2025,Eletrico,1078,57950,380,Automática,kW,Évora,Évora,09/05/2025,https://www.amatoscar.pt/carro-usado/audi-a6-e-tron-sportback-e-tron-performance-367-km-270-kw-2772091578/
2026-07-08,2772091562,BQ90DD,Audi,A5 TDI Avant,2025,Diesel,40153,54950,204,Automática,Avant,Évora,Évora,09/06/2025,https://www.amatoscar.pt/carro-usado/audi-a5-tdi-avant-2772091562/
2026-07-08,2772091489,BN54GR,Alfa Romeo,Junior Elettrica 156Cv 50kWh FWD,2024,Eletrico,,31450,156,Automática,FWD,Évora,Évora,09/06/2024,https://www.amatoscar.pt/carro-usado/alfa-romeo-junior-elettrica-156cv-50kwh-fwd-2772091489/
2026-07-08,2772342567,CG66BH,Kia,"PV5 L2H1 + V2L (71,2kWh) 4P",2026,Eletrico,6,36950,163,Automática,P,Évora,Évora,08/04/2026,https://www.amatoscar.pt/carro-usado/kia-pv5-l2h1-v2l-712kwh-4p-2772342567/
2026-07-08,2772327669,CF81QV,Toyota,Yaris Cross 1.5 Hybrid 115 Comfort Plus,2026,Gasolina,5500,30148,116,Automática,Toyota,Guarda,Guarda,24/03/2026,https://www.amatoscar.pt/carro-usado/toyota-yaris-cross-1-5-hybrid-115-comfort-plus-2772327669/
2026-07-08,2772883742,CH96NN,Kia,"EV2 DRIVE (42,2 kWh)",2026,Eletrico,,32990,147,Automática,,Évora,Évora,23/06/2026,https://www.amatoscar.pt/carro-usado/kia-ev2-drive-422-kwh-2772883742/
2026-07-08,2772338291,CG50AV,Volkswagen,Amarok Style KingCab 4×4 3.0TDI 240cv,2026,Diesel,1200,51450,240,Automática,cv,Évora,Évora,02/04/2026,https://www.amatoscar.pt/carro-usado/volkswagen-amarok-style-kingcab-4x4-3-0tdi-240cv-2772338291/
2026-07-08,2772296635,CE47LB,Kia,K4 1.0 T-GDI 6M,2026,Gasolina,10,27250,100,Manual,M,Évora,Évora,20/02/2026,https://www.amatoscar.pt/carro-usado/kia-k4-1-0-t-gdi-6m-2772296635/
2026-07-08,2772312005,CF39CM,Nissan,JUKE 1.6 Hybrid 143cv N-Connecta,2026,Gasolina,,31750,143,Automática,Nissan,Évora,Évora,07/03/2026,https://www.amatoscar.pt/carro-usado/nissan-juke-1-6-hybrid-143cv-n-connecta-2772312005/
2026-07-08,2772091721,BJ93RJ,Peugeot,3008 GT Eléctrico 210cv Bateria 73 kwh,2024,Eletrico,,38950,214,Automática,kwh,Évora,Évora,09/05/2024,https://www.amatoscar.pt/carro-usado/peugeot-3008-gt-electrico-210cv-bateria-73-kwh-2772091721/
2026-07-08,2772091555,BN73SV,Opel,Astra Electric ST GS 115kW CA,2025,Eletrico,,30450,156,Automática,CA,Évora,Évora,09/06/2025,https://www.amatoscar.pt/carro-usado/opel-astra-electric-st-gs-115kw-ca-2772091555/
2026-07-08,2772484043,BL41TM,Nissan,Ariya 87 kWh 4×2 Advance C 22kW + T.Pan,2024,Eletrico,10700,42950,242,Automática,Nissan,Portalegre,Portalegre,18/06/2024,https://www.amatoscar.pt/carro-usado/nissan-ariya-87-kwh-4x2-advance-c-22kw-t-pan-2772484043/
2026-07-08,2772310128,CE81EF,Kia,XCeed 1.0 T-GDi 6MT DRIVE,2026,Gasolina,4,24950,115,Manual,DRIVE,Évora,Évora,05/03/2026,https://www.amatoscar.pt/carro-usado/kia-xceed-1-0-t-gdi-6mt-drive-2772310128/
2026-07-08,2772324377,BH87NG,Kia,"EV9 1ST EDITION (99,8 kWh)",2024,Eletrico,7282,62950,204,Automática,,Évora,Évora,02/05/2024,https://www.amatoscar.pt/carro-usado/kia-ev9-1st-edition-998-kwh-2772324377/
2026-07-08,2772279816,CE63CJ,BYD,TANG Flagship,2026,Eletrico,18,68950,517,Automática,BYD,Évora,Évora,30/01/2026,https://www.amatoscar.pt/carro-usado/byd-tang-flagship-2772279816/
2026-07-08,2772792535,CG72XM,BYD,"Sealion 7 82,5kWh Comfort",2026,Eletrico,15,49424,313,Automática,BYD,Évora,Évora,01/05/2026,https://www.amatoscar.pt/carro-usado/byd-sealion-7-825kwh-comfort-2772792535/
2026-07-08,2772793463,CG81ZA,BMW,Serie 3 M3 Competition xDrive Auto,2026,Gasolina,1062,137415,530,Automática,Auto,Évora,Évora,03/05/2026,https://www.amatoscar.pt/carro-usado/bmw-serie-3-m3-competition-xdrive-auto-2772793463/
2026-07-08,2772347842,CG31JF,Hyundai,Inster EV 320km Style 5 lug. MY26,2026,Eletrico,6,27111,97,Automática,,Évora,Évora,15/04/2026,https://www.amatoscar.pt/carro-usado/hyundai-inster-ev-320km-style-5-lug-my26-2772347842/
2026-07-08,2772339226,CF65TR,Kia,XCeed 1.0 T-GDi 6MT DYNAMIC,2026,Gasolina,7,24490,115,Manual,DYNAMIC,Évora,Évora,03/04/2026,https://www.amatoscar.pt/carro-usado/kia-xceed-1-0-t-gdi-6mt-dynamic-2772339226/
2026-07-08,2772337250,CG43BE,Opel,Corsa Edition 100 kW Bateria 50 kW,2026,Eletrico,,29450,136,Automática,kW,Évora,Évora,01/04/2026,https://www.amatoscar.pt/carro-usado/opel-corsa-edition-100-kw-bateria-50-kw-2772337250/
2026-07-08,2772282210,CE57FZ,Hyundai,Kauai 1.0 T-GDi Premium MY25 (TT),2026,Gasolina,13,27500,100,Manual,,Évora,Évora,03/02/2026,https://www.amatoscar.pt/carro-usado/hyundai-kauai-1-0-t-gdi-premium-my25-tt-2772282210/
2026-07-08,2772172364,BZ50ES,Opel,Grandland BEV 210cv Bateria 73kw GS,2025,Eletrico,900,44450,213,Automática,GS,Évora,Évora,01/05/2025,https://www.amatoscar.pt/carro-usado/opel-grandland-bev-210cv-bateria-73kw-gs-2772172364/
2026-07-08,2772793464,CG08ZB,BMW,i4 eDrive40,2026,Eletrico,703,73564,340,Automática,,Évora,Évora,03/05/2026,https://www.amatoscar.pt/carro-usado/bmw-i4-edrive40-2772793464/
2026-07-08,2772351520,CG08LA,BMW,X1 xDrive25e,2026,Híbrido,2391,69711,245,Automática,e,Évora,Évora,17/04/2026,https://www.amatoscar.pt/carro-usado/bmw-x1-xdrive25e-2772351520/
2026-07-08,2772337259,CG34BG,Opel,"Combo 15DT, E6.4 & MT6 Start/Stop (75 kW-100cv",2026,Diesel,49,23250,100,Manual,cv,Évora,Évora,01/04/2026,https://www.amatoscar.pt/carro-usado/opel-combo-15dt-e6-4-mt6-start-stop-75-kw-100cv-2772337259/
2026-07-08,2772304908,CF68BT,Opel,Frontera Electric GS 83kW CA Bat. 54kWh,2026,Eletrico,7,31250,113,Automática,kWh,Évora,Évora,28/02/2026,https://www.amatoscar.pt/carro-usado/opel-frontera-electric-gs-83kw-ca-bat-54kwh-2772304908/
2026-07-08,2772238618,CB34FS,Peugeot,2008 1.2 100 cv Style,2025,Gasolina,116,21950,100,Manual,Style,Évora,Évora,24/12/2025,https://www.amatoscar.pt/carro-usado/peugeot-2008-1-2-100-cv-style-2772238618/
2026-07-08,2772298440,CE87RR,BMW,X3 30e xDrive,2026,Híbrido,4403,70043,299,Automática,xDrive,Évora,Évora,24/02/2026,https://www.amatoscar.pt/carro-usado/bmw-x3-30e-xdrive-2772298440/
2026-07-08,2772785600,CG20PO,Hyundai,IONIQ 5 EV 570km Premium Plus MY25,2026,Eletrico,,50232,229,Automática,,Évora,Évora,24/04/2026,https://www.amatoscar.pt/carro-usado/hyundai-ioniq-5-ev-570km-premium-plus-my25-2772785600/
2026-07-08,2772784039,CE38DZ,Opel,Corsa Edition 100 kW Bateria 50 kW,2026,Eletrico,,29450,136,Automática,kW,Évora,Évora,23/04/2026,https://www.amatoscar.pt/carro-usado/opel-corsa-edition-100-kw-bateria-50-kw-2772784039/
2026-07-08,2772345149,CB47SC,Kia,EV5 EV5,2026,Eletrico,1750,48950,218,Automática,,Évora,Évora,10/04/2026,https://www.amatoscar.pt/carro-usado/kia-ev5-ev5-2772345149/
2026-07-08,2772345148,CG00HA,Toyota,C-HR (2023–>) C-HR+ BEV 77kWh Premium,2026,Eletrico,2,47087,223,Automática,Toyota,Guarda,Guarda,10/04/2026,https://www.amatoscar.pt/carro-usado/toyota-c-hr-2023-c-hr-bev-77kwh-premium-2772345148/
2026-07-08,2772339227,CG58DS,BMW,iX xDrive45,2026,Eletrico,4,87540,408,Automática,,Évora,Évora,03/04/2026,https://www.amatoscar.pt/carro-usado/bmw-ix-xdrive45-2772339227/
2026-07-08,2772338301,CG49DR,Kia,Picanto 1.0 GDi 5MT URBAN,2026,Gasolina,54,18990,68,Manual,URBAN,Évora,Évora,02/04/2026,https://www.amatoscar.pt/carro-usado/kia-picanto-1-0-gdi-5mt-urban-2772338301/
2026-07-08,2772334860,CF25UE,Nissan,Micra 52kWh Advance – Two Tone,2026,Eletrico,9,36106,150,Automática,Nissan,Évora,Évora,31/03/2026,https://www.amatoscar.pt/carro-usado/nissan-micra-52kwh-advance-two-tone-2772334860/
2026-07-08,2772334857,CF67QX,Toyota,Corolla 1.8 Hybrid Comfort Plus,2026,Gasolina,4,38587,142,Automática,Toyota,Guarda,Guarda,31/03/2026,https://www.amatoscar.pt/carro-usado/toyota-corolla-1-8-hybrid-comfort-plus-2772334857/
2026-07-08,2772332234,CF53VA,Kia,XCeed 1.0 T-GDi 6MT DYNAMIC,2026,Gasolina,7,24490,115,Manual,DYNAMIC,Évora,Évora,27/03/2026,https://www.amatoscar.pt/carro-usado/kia-xceed-1-0-t-gdi-6mt-dynamic-2772332234/
2026-07-08,2772312002,CF66CM,Nissan,JUKE 1.0 DIG-T 114cv Acenta+ DCT,2026,,4,25950,114,Automática,Nissan,Évora,Évora,07/03/2026,https://www.amatoscar.pt/carro-usado/nissan-juke-1-0-dig-t-114cv-acenta-dct-2772312002/
2026-07-08,2772301455,CE65GD,BMW,iX xDrive45,2025,Eletrico,6,85260,408,Automática,,Évora,Évora,25/10/2025,https://www.amatoscar.pt/carro-usado/bmw-ix-xdrive45-2772301455/
2026-07-08,2772289644,CE57LQ,Toyota,Aygo X Hybrid 115 Envy,2026,Híbrido,3,27397,116,Automática,Toyota,Guarda,Guarda,11/02/2026,https://www.amatoscar.pt/carro-usado/toyota-aygo-x-hybrid-115-envy-2772289644/
2026-07-08,2772282200,CE53EX,Nissan,Qashqai 1.3 140CV mHEV MT 4×2 Advance TT,2026,Gasolina,7,35250,140,Manual,Nissan,Évora,Évora,03/02/2026,https://www.amatoscar.pt/carro-usado/nissan-qashqai-1-3-140cv-mhev-mt-4x2-advance-tt-2772282200/
2026-07-08,2772282199,CE55EZ,Nissan,Qashqai 1.3 140CV mHEV MT 4×2 Advance TT,2026,Gasolina,1982,35250,140,Manual,Nissan,Évora,Évora,03/02/2026,https://www.amatoscar.pt/carro-usado/nissan-qashqai-1-3-140cv-mhev-mt-4x2-advance-tt-2772282199/
2026-07-08,2772274621,CB66SC,Kia,Sportage 1.6 T-GDi 6MT DRIVE,2026,Gasolina,7,33950,160,Manual,DRIVE,Évora,Évora,24/01/2026,https://www.amatoscar.pt/carro-usado/kia-sportage-1-6-t-gdi-6mt-drive-2772274621/
2026-07-08,2772268816,CB31OI,BMW,i4 M60 xDrive,2026,Eletrico,10,89901,601,Automática,xDrive,Évora,Évora,16/01/2026,https://www.amatoscar.pt/carro-usado/bmw-i4-m60-xdrive-2772268816/
2026-07-08,2772268815,CB67PA,BMW,i4 eDrive40,2026,Eletrico,8,69950,340,Automática,,Évora,Évora,16/01/2026,https://www.amatoscar.pt/carro-usado/bmw-i4-edrive40-2772268815/
2026-07-08,2772206714,BZ82SU,BMW,iX1 eDrive20,2025,Eletrico,,60500,204,Automática,,Évora,Évora,18/11/2025,https://www.amatoscar.pt/carro-usado/bmw-ix1-edrive20-2772206714/
2026-07-08,2772192705,BZ74TG,Nissan,JUKE 1.0 DIG-T 114cv Acenta+,2025,Gasolina,4143,24250,114,Manual,Nissan,Évora,Évora,05/11/2025,https://www.amatoscar.pt/carro-usado/nissan-juke-1-0-dig-t-114cv-acenta-2772192705/
2026-07-08,2772164771,BZ87AH,BMW,i4 eDrive40,2025,Eletrico,2185,68950,340,Automática,,Évora,Évora,01/10/2025,https://www.amatoscar.pt/carro-usado/bmw-i4-edrive40-2772164771/
2026-07-08,2772154567,BV36DO,BMW,Serie 5 530e,2025,Gasolina,8498,59950,299,Automática,e,Évora,Évora,17/09/2025,https://www.amatoscar.pt/carro-usado/bmw-serie-5-530e-2772154567/
2026-07-08,2772147329,BX48CG,BMW,i5 eDrive40,2025,Eletrico,11,76860,340,Automática,,Évora,Évora,04/09/2025,https://www.amatoscar.pt/carro-usado/bmw-i5-edrive40-2772147329/
2026-07-08,2772147320,BV99OL,Volkswagen,Caddy 2.0 TDI 102cv Cargo Business,2025,Diesel,13,24950,102,Manual,Business,Évora,Évora,04/09/2025,https://www.amatoscar.pt/carro-usado/volkswagen-caddy-2-0-tdi-102cv-cargo-business-2772147320/
2026-07-08,2772091403,BQ08SQ,Toyota,"BZ4X BEV 71,4kWh Premium",2025,Eletrico,102,42450,204,Automática,Toyota,Guarda,Guarda,09/02/2025,https://www.amatoscar.pt/carro-usado/toyota-bz4x-bev-714kwh-premium-2772091403/
2026-07-08,2772091399,BS52IB,Toyota,C-HR 2.0 Plug-in Hybrid Dynamic Force Busines,2025,Gasolina,4,38950,223,automática,Toyota,Guarda,Guarda,09/06/2025,https://www.amatoscar.pt/carro-usado/toyota-c-hr-2-0-plug-in-hybrid-dynamic-force-busines-2772091399/
