snapshot_date,id,matricula,marca,modelo_versao,ano,combustivel,km,preco_eur,potencia_cv,transmissao,stand_marca,stand_cidade,distrito,data_matricula,url,registo_completo
2026-09-14,2772786932,BG27VG,Kia,Stonic 1.2 CVVT ISG DYNAMIC,2024,Gasolina,52520,16950,84,Manual,KIA,Évora,Évora,31/01/2024,https://www.amatoscar.pt/carro-usado/kia-stonic-1-2-cvvt-isg-dynamic-2772786932/,1
2026-09-14,2772886704,BQ57AQ,Peugeot,308 SW Allure 1.2 PureTech 130cv,2024,Gasolina,29660,21950,130,Manual,Peugeot,Portalegre,Portalegre,30/12/2024,https://www.amatoscar.pt/carro-usado/peugeot-308-sw-allure-1-2-puretech-130cv-2772886704/,1
2026-09-14,2772886703,BL80QX,Peugeot,308 SW Allure 1.2 PureTech 130cv,2024,Gasolina,28972,21950,130,Manual,Peugeot,Portalegre,Portalegre,26/06/2024,https://www.amatoscar.pt/carro-usado/peugeot-308-sw-allure-1-2-puretech-130cv-2772886703/,1
2026-09-14,2772886698,BH37AR,Peugeot,e-208 Style Elétrico 136 cv (100 kW) – Bateria 50 kW,2024,Eletrico,6542,23450,136,Automática,Peugeot,Portalegre,Portalegre,08/02/2024,https://www.amatoscar.pt/carro-usado/peugeot-e-208-style-eletrico-136-cv-100-kw-bateria-50-kw-2772886698/,1
2026-09-14,2772886696,BG54QL,Peugeot,e-208 Style Elétrico 136 cv (100 kW) – Bateria 50 kW,2024,Eletrico,13058,22950,136,Automática,Peugeot,Portalegre,Portalegre,25/01/2024,https://www.amatoscar.pt/carro-usado/peugeot-e-208-style-eletrico-136-cv-100-kw-bateria-50-kw-2772886696/,1
2026-09-14,2772804696,BS00HA,Peugeot,2008 1.2 Hybrid 145 Allure e-DCS6,2025,Híbrido,21642,24750,145,Automática,Peugeot,Portalegre,Portalegre,01/04/2025,https://www.amatoscar.pt/carro-usado/peugeot-2008-1-2-hybrid-145-allure-e-dcs6-2772804696/,1
2026-09-14,2772916064,CF88DN,Citroen,C3 Aircross 1.2 100 Plus,2026,Gasolina,7434,22250,100,Manual,Citroën,Beja,Beja,27/02/2026,https://www.amatoscar.pt/carro-usado/citroen-c3-aircross-1-2-100-plus-2772916064/,1
2026-09-14,2772911158,CB26MN,Citroen,ë-C3 Aircross Elétrico 113cv Autonomia Alargada – PLUS,2025,Eletrico,7479,25250,113,Automática,Citroën,Beja,Beja,31/12/2025,https://www.amatoscar.pt/carro-usado/citroen-e-c3-aircross-eletrico-113cv-autonomia-alargada-plus-2772911158/,1
2026-09-14,2772900140,BL98SD,Volkswagen,T-Cross 1.0 TSI 115cv DSG Style,2024,Gasolina,16300,23450,115,Automática,Citroën,Beja,Beja,27/06/2024,https://www.amatoscar.pt/carro-usado/volkswagen-t-cross-1-0-tsi-115cv-dsg-style-2772900140/,1
2026-09-14,2772891784,CA82HF,Citroen,Berlingo M 1.5 BlueHDi 100 S&S CVM6,2025,Diesel,16935,18950,100,Manual,Citroën,Beja,Beja,20/11/2025,https://www.amatoscar.pt/carro-usado/citroen-berlingo-m-1-5-bluehdi-100-ss-cvm6-2772891784/,1
2026-09-14,2772891782,CA30IB,Citroen,Berlingo M 1.5 BlueHDi 100 S&S CVM6,2025,Diesel,9727,19450,100,Manual,Citroën,Beja,Beja,21/11/2025,https://www.amatoscar.pt/carro-usado/citroen-berlingo-m-1-5-bluehdi-100-ss-cvm6-2772891782/,1
2026-09-14,2772883764,BH02OT,Citroen,ë-C4 Elétrico 136cv Autonomia Conforto PLUS,2026,Eletrico,14011,24950,136,Automática,Citroën,Beja,Beja,28/02/2026,https://www.amatoscar.pt/carro-usado/citroen-e-c4-eletrico-136cv-autonomia-conforto-plus-2772883764/,1
2026-09-14,2772880620,AH23SQ,Hyundai,Kauai 1.0 T-GDi Premium MY21 (TT),2021,Gasolina,83972,17450,120,Manual,Citroën,Beja,Beja,23/06/2021,https://www.amatoscar.pt/carro-usado/hyundai-kauai-1-0-t-gdi-premium-my21-tt-2772880620/,1
2026-09-14,2772828633,BS71XJ,Citroen,ë-C3 113cv Autonomia Conforto – MAX,2025,Eletrico,9224,22950,113,Automática,Citroën,Beja,Beja,30/04/2025,https://www.amatoscar.pt/carro-usado/citroen-e-c3-113cv-autonomia-conforto-max-2772828633/,1
2026-09-14,2772807815,BH89AP,DS,DS 7 E-TENSE 4X2 225 Performance Line,2024,Híbrido,24210,32450,225,Automática,Citroën,Beja,Beja,08/02/2024,https://www.amatoscar.pt/carro-usado/ds-ds-7-e-tense-4x2-225-performance-line-2772807815/,1
2026-09-14,2772297380,AL41PA,Citroen,Jumper 2.2 BlueHDi 120 FECHADO CLUB 33 L3 H2,2021,Diesel,127000,21950,120,Manual,Citroën,Beja,Beja,26/11/2021,https://www.amatoscar.pt/carro-usado/citroen-jumper-2-2-bluehdi-120-fechado-club-33-l3-h2-2772297380/,1
2026-09-14,2772889927,95UN65,Peugeot,308 Active 1.5 BlueHDi 130cv Euro 6.2d,2018,Diesel,107818,12450,130,Manual,Peugeot,Guarda,Guarda,10/04/2018,https://www.amatoscar.pt/carro-usado/peugeot-308-active-1-5-bluehdi-130cv-euro-6-2d-2772889927/,1
2026-09-14,2772887740,BD12IQ,Fiat,500 Elétrico 87kW 118cv RED,2023,Eletrico,29099,20450,118,Automática,FIAT,Guarda,Guarda,29/08/2023,https://www.amatoscar.pt/carro-usado/fiat-500-eletrico-87kw-118cv-red-2772887740/,1
2026-09-14,2772794655,AT23XI,Volkswagen,Transporter 2.0 TDI 110cv Cargo,2022,Diesel,140215,21450,110,Manual,Citroën,Guarda,Guarda,21/10/2022,https://www.amatoscar.pt/carro-usado/volkswagen-transporter-2-0-tdi-110cv-cargo-2772794655/,1
2026-09-14,2772792557,AU29SQ,Volkswagen,Transporter 2.0 TDI 110cv Cargo,2022,Diesel,127439,21450,110,Manual,Citroën,Guarda,Guarda,23/11/2022,https://www.amatoscar.pt/carro-usado/volkswagen-transporter-2-0-tdi-110cv-cargo-2772792557/,1
2026-09-14,2772804691,BS53HS,BMW,Serie 1 116 Auto,2025,Gasolina,34969,31950,122,Automática,BMW,Guarda,Guarda,02/04/2025,https://www.amatoscar.pt/carro-usado/bmw-serie-1-116-auto-2772804691/,1
2026-09-14,2772290428,47SR11,BMW,Serie 3 M3,2017,Gasolina,46284,76450,431,Automática,BMW,Guarda,Guarda,13/03/2017,https://www.amatoscar.pt/carro-usado/bmw-serie-3-m3-2772290428/,1
2026-09-14,2772222787,BL47CD,BMW,Serie 1 116d,2024,Diesel,62532,28450,116,Automática,BMW,Guarda,Guarda,31/05/2024,https://www.amatoscar.pt/carro-usado/bmw-serie-1-116d-2772222787/,1
2026-09-14,2772205734,BG64VT,BMW,X3 sDrive18d Auto 48V,2024,Gasolina,25849,55500,150,Automática,BMW,Guarda,Guarda,01/02/2024,https://www.amatoscar.pt/carro-usado/bmw-x3-sdrive18d-auto-48v-2772205734/,1
2026-09-14,2772161287,BL62CC,BMW,Serie 1 116d,2024,Diesel,51149,28450,116,Automática,BMW,Guarda,Guarda,31/05/2024,https://www.amatoscar.pt/carro-usado/bmw-serie-1-116d-2772161287/,1
2026-09-14,2772161285,BI27MQ,BMW,Serie 3 320d Auto 48V,2024,Diesel,52016,41450,190,Automática,BMW,Guarda,Guarda,28/03/2024,https://www.amatoscar.pt/carro-usado/bmw-serie-3-320d-auto-48v-2772161285/,1
2026-09-14,2772907670,67VM53,Volvo,XC40 2.0 D3 150 Inscription,2018,Diesel,144188,23950,150,Manual,Volkswagen,Castelo Branco,Castelo Branco,04/10/2018,https://www.amatoscar.pt/carro-usado/volvo-xc40-2-0-d3-150-inscription-2772907670/,1
2026-09-14,2772906037,BN76BX,Audi,A3 Sportback 30 TFSI Advanced,2024,Gasolina,19947,26950,116,Manual,Volkswagen,Castelo Branco,Castelo Branco,29/08/2024,https://www.amatoscar.pt/carro-usado/audi-a3-sportback-30-tfsi-advanced-2772906037/,1
2026-09-14,2772861089,50VO68,Mini,Mini Cooper D,2018,Diesel,106454,15650,116,Manual,Volkswagen,Castelo Branco,Castelo Branco,26/10/2018,https://www.amatoscar.pt/carro-usado/mini-mini-cooper-d-2772861089/,1
2026-09-14,2772819562,AB55ON,Peugeot,3008 GT Line 1.5 BlueHDi 130 Eu 6.2d EAT8,2020,Diesel,138903,18950,130,Automática,Volkswagen,Castelo Branco,Castelo Branco,06/07/2020,https://www.amatoscar.pt/carro-usado/peugeot-3008-gt-line-1-5-bluehdi-130-eu-6-2d-eat8-2772819562/,1
2026-09-14,2772904399,AT97BS,Nissan,Micra 1.0 IG-T 92CV N-Design Chrome,2022,Gasolina,51250,14650,92,Manual,Hyundai,Beja,Beja,05/09/2022,https://www.amatoscar.pt/carro-usado/nissan-micra-1-0-ig-t-92cv-n-design-chrome-2772904399/,1
2026-09-14,2772899005,96IQ04,Abarth,500 1.4 16V Turbo T-jet 135cv,2010,Gasolina,133547,11950,135,Manual,Hyundai,Beja,Beja,19/01/2010,https://www.amatoscar.pt/carro-usado/abarth-500-1-4-16v-turbo-t-jet-135cv-2772899005/,1
2026-09-14,2772898154,BL80HV,Hyundai,Tucson 1.6 CRDi 115cv Vanguard,2024,Diesel,21589,29950,115,Manual,Hyundai,Beja,Beja,14/06/2024,https://www.amatoscar.pt/carro-usado/hyundai-tucson-1-6-crdi-115cv-vanguard-2772898154/,1
2026-09-14,2772872710,74UA37,Isuzu,D-Max D-MAX 1.9 CAB DUPLA 4X4 L,2017,Diesel,204000,23450,163,Manual,Isuzu,Beja,Beja,22/12/2017,https://www.amatoscar.pt/carro-usado/isuzu-d-max-d-max-1-9-cab-dupla-4x4-l-2772872710/,1
2026-09-14,2772817127,77VF51,Alfa Romeo,Mito 1.3 JTDM,2018,Diesel,133539,10000,95,Manual,Hyundai,Beja,Beja,08/08/2018,https://www.amatoscar.pt/carro-usado/alfa-romeo-mito-1-3-jtdm-2772817127/,1
2026-09-14,2772234529,46TF42,Isuzu,D-Max 1.9 CAB LONGA 4X4 LS,2017,Diesel,135664,24450,164,Manual,Isuzu,Beja,Beja,28/06/2017,https://www.amatoscar.pt/carro-usado/isuzu-d-max-1-9-cab-longa-4x4-ls-2772234529/,1
2026-09-14,2772319239,BU01XN,Volvo,XC40 B3 163cv Plus Dark Auto,2025,Híbrido,30000,38450,163,Automática,Volvo,Castelo Branco,Castelo Branco,01/07/2025,https://www.amatoscar.pt/carro-usado/volvo-xc40-b3-163cv-plus-dark-auto-2772319239/,1
2026-09-14,2772319236,BT88IF,Volvo,XC60 2.0 T6 350 AWD PHEV Plus Dark Auto,2025,Híbrido,24808,54750,350,Automática,Volvo,Castelo Branco,Castelo Branco,15/05/2025,https://www.amatoscar.pt/carro-usado/volvo-xc60-2-0-t6-350-awd-phev-plus-dark-auto-2772319236/,1
2026-09-14,2772911149,BC15PQ,Kia,Stonic 1.2 CVVT ISG MOVE,2023,Gasolina,59911,16450,84,Manual,KIA,Fundão,Castelo Branco,24/07/2023,https://www.amatoscar.pt/carro-usado/kia-stonic-1-2-cvvt-isg-move-2772911149/,1
2026-09-14,2772906036,BT89IV,Kia,Stonic 1.2 MPi 5MT DYNAMIC,2025,Gasolina,,17750,79,Manual,KIA,Fundão,Castelo Branco,16/05/2025,https://www.amatoscar.pt/carro-usado/kia-stonic-1-2-mpi-5mt-dynamic-2772906036/,1
2026-09-14,2772906035,BT92VV,Kia,Picanto 1.0 MPi 5MT URBAN,2025,Gasolina,22072,16450,63,Manual,KIA,Fundão,Castelo Branco,02/06/2025,https://www.amatoscar.pt/carro-usado/kia-picanto-1-0-mpi-5mt-urban-2772906035/,1
2026-09-14,2772895496,BS40LQ,Kia,Sportage 1.6 T-GDi 6MT DRIVE,2025,Gasolina,,29950,160,Manual,KIA,Fundão,Castelo Branco,08/04/2025,https://www.amatoscar.pt/carro-usado/kia-sportage-1-6-t-gdi-6mt-drive-2772895496/,1
2026-09-14,2772789746,BC72SM,Toyota,Yaris 1.0 Comfort Plus,2023,Gasolina,29053,17950,72,Manual,KIA,Fundão,Castelo Branco,27/07/2023,https://www.amatoscar.pt/carro-usado/toyota-yaris-1-0-comfort-plus-2772789746/,1
2026-09-14,2772343751,BS04IN,Kia,XCeed 1.0 T-GDi 6MT DYNAMIC,2025,Gasolina,26108,20750,100,Manual,KIA,Fundão,Castelo Branco,03/04/2025,https://www.amatoscar.pt/carro-usado/kia-xceed-1-0-t-gdi-6mt-dynamic-2772343751/,1
2026-09-14,2772930490,BL58UQ,Hyundai,i20 1.2 MPi Comfort MY25,2024,Gasolina,42899,16450,78,Manual,Hyundai,Évora,Évora,28/06/2024,https://www.amatoscar.pt/carro-usado/hyundai-i20-1-2-mpi-comfort-my25-2772930490/,1
2026-09-14,2772926179,BN04SU,Opel,Mokka 50 kwh Edition AT,2024,Eletrico,20408,23950,136,Automática,Opel,Évora,Évora,30/09/2024,https://www.amatoscar.pt/carro-usado/opel-mokka-50-kwh-edition-at-2772926179/,1
2026-09-14,2772922054,CA28IZ,BYD,Seal U DM-i SEAL U DM-i Comfort,2025,Híbrido,12879,39950,218,Automática,Comfort,Évora,Évora,24/11/2025,https://www.amatoscar.pt/carro-usado/byd-seal-u-dm-i-seal-u-dm-i-comfort-2772922054/,1
2026-09-14,2772914154,BP54ZJ,Hyundai,Bayon 1.0 T-GDi Premium MY25,2024,Gasolina,15436,19750,100,Manual,Hyundai,Évora,Évora,27/12/2024,https://www.amatoscar.pt/carro-usado/hyundai-bayon-1-0-t-gdi-premium-my25-2772914154/,1
2026-09-14,2772912928,02XH69,Audi,Q5 2.0 TDI 190cv quattro S tronic,2019,Diesel,,26950,190,Automática,Audi,Évora,Évora,27/03/2019,https://www.amatoscar.pt/carro-usado/audi-q5-2-0-tdi-190cv-quattro-s-tronic-2772912928/,1
2026-09-14,2772908557,29UX53,BMW,X2 sDrive18d Auto,2018,Diesel,193290,20950,150,Automática,BMW,Évora,Évora,12/06/2018,https://www.amatoscar.pt/carro-usado/bmw-x2-sdrive18d-auto-2772908557/,1
2026-09-14,2772904398,CE77GC,BMW,i5 xDrive40,2026,Eletrico,8089,67950,394,Automática,BMW,Évora,Évora,30/01/2026,https://www.amatoscar.pt/carro-usado/bmw-i5-xdrive40-2772904398/,1
2026-09-14,2772899002,44XO18,Mini,Countryman Cooper D Auto,2019,Diesel,139256,20950,150,Automática,Auto,Évora,Évora,17/05/2019,https://www.amatoscar.pt/carro-usado/mini-countryman-cooper-d-auto-2772899002/,1
2026-09-14,2772894310,BV00OT,Hyundai,Inster EV 360km Style Plus MY24,2025,Eletrico,5808,23450,115,Automática,Hyundai,Évora,Évora,29/07/2025,https://www.amatoscar.pt/carro-usado/hyundai-inster-ev-360km-style-plus-my24-2772894310/,1
2026-09-14,2772828615,BT24US,Hyundai,i10 1.0 MPi Comfort MY25 (TT),2025,Gasolina,14477,17450,62,Manual,Hyundai,Évora,Évora,30/05/2025,https://www.amatoscar.pt/carro-usado/hyundai-i10-1-0-mpi-comfort-my25-tt-2772828615/,1
2026-09-14,2772813981,BR62QM,BMW,Serie 1 116 Auto,2025,Gasolina,,32450,122,Automática,BMW,Évora,Évora,13/03/2025,https://www.amatoscar.pt/carro-usado/bmw-serie-1-116-auto-2772813981/,1
2026-09-14,2772813979,BR59QN,BMW,X2 sDrive18d,2025,Diesel,46457,48950,150,Automática,BMW,Évora,Évora,13/03/2025,https://www.amatoscar.pt/carro-usado/bmw-x2-sdrive18d-2772813979/,1
2026-09-14,2772804685,BO85SG,Hyundai,Bayon 1.0 T-GDi Premium MY25 (TT),2024,Gasolina,28573,20750,100,Manual,Hyundai,Évora,Évora,08/11/2024,https://www.amatoscar.pt/carro-usado/hyundai-bayon-1-0-t-gdi-premium-my25-tt-2772804685/,1
2026-09-14,2772803974,BR71QN,BMW,Serie 3 330e Auto,2025,Híbrido,45052,45450,292,Automática,BMW,Évora,Évora,13/03/2025,https://www.amatoscar.pt/carro-usado/bmw-serie-3-330e-auto-2772803974/,1
2026-09-14,2772791346,BJ30VU,Hyundai,i20 1.2 MPi Comfort MY24,2024,Gasolina,36164,16450,84,Manual,Hyundai,Évora,Évora,27/05/2024,https://www.amatoscar.pt/carro-usado/hyundai-i20-1-2-mpi-comfort-my24-2772791346/,1
2026-09-14,2772789743,BR09JZ,BMW,Serie 3 320d Auto 48V,2025,Diesel,40539,45450,190,Automática,BMW,Évora,Évora,28/02/2025,https://www.amatoscar.pt/carro-usado/bmw-serie-3-320d-auto-48v-2772789743/,1
2026-09-14,2772788272,AZ37GG,Hyundai,Bayon 1.0 T-GDi Premium MY21,2023,Gasolina,68465,16450,100,Manual,Hyundai,Évora,Évora,16/03/2023,https://www.amatoscar.pt/carro-usado/hyundai-bayon-1-0-t-gdi-premium-my21-2772788272/,1
2026-09-14,2772343747,AN34RV,Peugeot,3008 Allure HYBRID 225cv e-EAT8,2022,Híbrido,134669,22450,225,Automática,,Évora,Évora,31/01/2022,https://www.amatoscar.pt/carro-usado/peugeot-3008-allure-hybrid-225cv-e-eat8-2772343747/,1
2026-09-14,2772327677,BH18CO,Hyundai,Tucson 1.6 TGDi Premium,2024,Gasolina,35818,28450,150,Manual,Hyundai,Évora,Évora,14/02/2024,https://www.amatoscar.pt/carro-usado/hyundai-tucson-1-6-tgdi-premium-2772327677/,1
2026-09-14,2772239099,BI26VB,Nissan,JUKE 1.0 DIG-T 114cv Tekna,2024,Gasolina,35204,21250,114,Manual,Tekna,Évora,Évora,16/04/2024,https://www.amatoscar.pt/carro-usado/nissan-juke-1-0-dig-t-114cv-tekna-2772239099/,1
2026-09-14,2772237655,15TP34,Peugeot,2008 Allure 1.2 PureTech 82 CVM5,2017,Gasolina,136911,10450,82,Manual,,Évora,Évora,26/09/2017,https://www.amatoscar.pt/carro-usado/peugeot-2008-allure-1-2-puretech-82-cvm5-2772237655/,1
2026-09-14,2772236367,BG25AN,Opel,Mokka 1.2T 100cv GS,2023,Gasolina,34277,18950,100,Manual,Opel,Évora,Évora,21/12/2023,https://www.amatoscar.pt/carro-usado/opel-mokka-1-2t-100cv-gs-2772236367/,1
2026-09-14,2772230411,BO69NH,Hyundai,Bayon 1.0 T-GDi DCT Premium MY25,2024,Gasolina,28345,20750,100,Automática,Hyundai,Évora,Évora,30/10/2024,https://www.amatoscar.pt/carro-usado/hyundai-bayon-1-0-t-gdi-dct-premium-my25-2772230411/,1
2026-09-14,2772182692,BH02XO,SEAT,Arona 1.0 TSI STYLE DSG 7v,2024,Gasolina,36675,19450,115,Automática,Seat,Évora,Évora,18/03/2024,https://www.amatoscar.pt/carro-usado/seat-arona-1-0-tsi-style-dsg-7v-2772182692/,1
2026-09-14,2772161274,BH30PB,BMW,Serie 1 116d,2024,Diesel,38167,28950,116,Automática,BMW,Évora,Évora,29/02/2024,https://www.amatoscar.pt/carro-usado/bmw-serie-1-116d-2772161274/,1
2026-09-14,2772161270,BL89CD,BMW,Serie 1 116d,2024,Diesel,46489,28950,116,Manual,BMW,Évora,Évora,31/05/2024,https://www.amatoscar.pt/carro-usado/bmw-serie-1-116d-2772161270/,1
2026-09-14,2771949160,AR52AR,Audi,A6 40 TDI S tronic Avant,2022,Diesel,93673,39950,204,Automática,Audi,Évora,Évora,23/05/2022,https://www.amatoscar.pt/carro-usado/audi-a6-40-tdi-s-tronic-avant-2771949160/,1
2026-09-14,2771949048,AX02RG,BMW,i4 eDrive40,2023,Eletrico,41294,43950,340,Automática,BMW,Évora,Évora,22/02/2023,https://www.amatoscar.pt/carro-usado/bmw-i4-edrive40-2771949048/,1
2026-09-14,2772926163,AL79RL,Peugeot,Partner 1.5 BlueHDi 100cv Asphalt Standard,2021,Diesel,133722,14450,102,Manual,Citroën,Beja,Beja,02/12/2021,https://www.amatoscar.pt/carro-usado/peugeot-partner-1-5-bluehdi-100cv-asphalt-standard-2772926163/,1
2026-09-14,2772912905,CB22JX,Nissan,JUKE 1.0 DIG-T 114cv N-Connecta,2025,Gasolina,3805,24450,114,Manual,Citroën,Beja,Beja,30/12/2025,https://www.amatoscar.pt/carro-usado/nissan-juke-1-0-dig-t-114cv-n-connecta-2772912905/,1
2026-09-14,2772794539,BU88UH,Opel,Mokka 1.2T 136cv GS,2025,Gasolina,27371,21450,136,Manual,Opel,Beja,Beja,30/06/2025,https://www.amatoscar.pt/carro-usado/opel-mokka-1-2t-136cv-gs-2772794539/,1
2026-09-14,2772872620,BT11GN,Kia,Stonic 1.2 MPi 5MT DYNAMIC,2025,Gasolina,36243,17250,79,Manual,FIAT,Castelo Branco,Castelo Branco,13/05/2025,https://www.amatoscar.pt/carro-usado/kia-stonic-1-2-mpi-5mt-dynamic-2772872620/,1
2026-09-14,2772820634,BT11CS,Kia,XCeed 1.0 T-GDi 6MT DYNAMIC,2025,Gasolina,19181,20750,100,Manual,FIAT,Castelo Branco,Castelo Branco,07/05/2025,https://www.amatoscar.pt/carro-usado/kia-xceed-1-0-t-gdi-6mt-dynamic-2772820634/,1
2026-09-14,2772791321,BP87PZ,Kia,Stonic 1.0 T-GDi ISG DRIVE,2024,Gasolina,12249,18750,100,Manual,Citroën,Guarda,Guarda,16/12/2024,https://www.amatoscar.pt/carro-usado/kia-stonic-1-0-t-gdi-isg-drive-2772791321/,1
2026-09-14,2772235429,BJ33XJ,Fiat,Panda PANDA 1.0 Hybrid 70cv,2024,Híbrido,41500,12750,70,Manual,FIAT,Guarda,Guarda,28/05/2024,https://www.amatoscar.pt/carro-usado/fiat-panda-panda-1-0-hybrid-70cv-2772235429/,1
2026-09-14,2772926798,15VZ32,Ford,EcoSport 1.5 TDCi 100 ST-Line Black Edition,2019,Diesel,68422,13450,125,Manual,BYD,Évora,Évora,18/01/2019,https://www.amatoscar.pt/carro-usado/ford-ecosport-1-5-tdci-100-st-line-black-edition-2772926798/,1
2026-09-14,2772920069,BR31PF,Nissan,Qashqai NOVO QASHQAI DIG-T (140 CV) ADVANCE M/T,2025,Híbrido,32327,32250,140,Manual,Nissan,Évora,Évora,12/03/2025,https://www.amatoscar.pt/carro-usado/nissan-qashqai-novo-qashqai-dig-t-140-cv-advance-m-t-2772920069/,1
2026-09-14,2772920068,BR77PH,Nissan,Qashqai NOVO QASHQAI DIG-T (140 CV) ADVANCE M/T,2025,Híbrido,26024,32250,140,Manual,Nissan,Évora,Évora,12/03/2025,https://www.amatoscar.pt/carro-usado/nissan-qashqai-novo-qashqai-dig-t-140-cv-advance-m-t-2772920068/,1
2026-09-14,2772920067,BG88UD,Nissan,Qashqai 1.3 140CV mHEV MT 4×2 N-Connecta,2024,Híbrido,34584,25990,140,Manual,Nissan,Évora,Évora,31/01/2024,https://www.amatoscar.pt/carro-usado/nissan-qashqai-1-3-140cv-mhev-mt-4x2-n-connecta-2772920067/,1
2026-09-14,2772920066,BG19UE,Nissan,Qashqai 1.3 140CV mHEV MT 4×2 N-Connecta,2024,Híbrido,34320,25990,140,Manual,Nissan,Évora,Évora,31/01/2024,https://www.amatoscar.pt/carro-usado/nissan-qashqai-1-3-140cv-mhev-mt-4x2-n-connecta-2772920066/,1
2026-09-14,2772920064,BJ70RX,Nissan,Qashqai 1.3 140CV mHEV MT 4×2 N-Connecta LED + TT,2024,Gasolina,37179,26490,140,Manual,Nissan,Évora,Évora,21/05/2024,https://www.amatoscar.pt/carro-usado/nissan-qashqai-1-3-140cv-mhev-mt-4x2-n-connecta-led-tt-2772920064/,1
2026-09-14,2772920062,BJ13RZ,Nissan,Qashqai 1.3 140CV mHEV MT 4×2 N-Connecta LED + TT,2024,Gasolina,32793,26490,140,Manual,Nissan,Évora,Évora,21/05/2024,https://www.amatoscar.pt/carro-usado/nissan-qashqai-1-3-140cv-mhev-mt-4x2-n-connecta-led-tt-2772920062/,1
2026-09-14,2772920061,BQ18MO,Nissan,JUKE 1.0 DIG-T 114cv Acenta+,2025,Gasolina,23934,21490,114,Manual,Nissan,Évora,Évora,27/01/2025,https://www.amatoscar.pt/carro-usado/nissan-juke-1-0-dig-t-114cv-acenta-2772920061/,1
2026-09-14,2772920060,BQ82MN,Nissan,JUKE 1.0 DIG-T 114cv Acenta+,2025,Gasolina,37212,21450,114,Manual,Nissan,Évora,Évora,27/01/2025,https://www.amatoscar.pt/carro-usado/nissan-juke-1-0-dig-t-114cv-acenta-2772920060/,1
2026-09-14,2772920059,BG86UF,Nissan,JUKE 1.0 DIG-T 114cv N-Connecta,2024,Gasolina,33261,19990,114,Manual,Nissan,Évora,Évora,31/01/2024,https://www.amatoscar.pt/carro-usado/nissan-juke-1-0-dig-t-114cv-n-connecta-2772920059/,1
2026-09-14,2772912897,BH01FI,Nissan,JUKE 1.0 DIG-T 114cv Acenta,2024,Gasolina,38041,17990,114,Manual,Nissan,Évora,Évora,20/02/2024,https://www.amatoscar.pt/carro-usado/nissan-juke-1-0-dig-t-114cv-acenta-2772912897/,1
2026-09-14,2772904382,BU31NZ,BYD,Seal U DM-i SEAL U DM-i Comfort,2025,Híbrido,20010,39990,218,Automática,BYD,Évora,Évora,25/06/2025,https://www.amatoscar.pt/carro-usado/byd-seal-u-dm-i-seal-u-dm-i-comfort-2772904382/,1
2026-09-14,2772904378,BU77NX,BYD,Seal U DM-i SEAL U DM-i Comfort,2025,Híbrido,16520,39990,218,Automática,BYD,Évora,Évora,25/06/2025,https://www.amatoscar.pt/carro-usado/byd-seal-u-dm-i-seal-u-dm-i-comfort-2772904378/,1
2026-09-14,2772879145,BJ61RB,Nissan,JUKE 1.0 DIG-T 114cv N-Connecta TT,2024,Gasolina,50141,19990,114,Manual,Nissan,Évora,Évora,20/05/2024,https://www.amatoscar.pt/carro-usado/nissan-juke-1-0-dig-t-114cv-n-connecta-tt-2772879145/,1
2026-09-14,2772879142,BG74UD,Nissan,JUKE 1.0 DIG-T 114cv N-Connecta,2024,Gasolina,53083,19990,114,Manual,Nissan,Évora,Évora,31/01/2024,https://www.amatoscar.pt/carro-usado/nissan-juke-1-0-dig-t-114cv-n-connecta-2772879142/,1
2026-09-14,2772879140,BG24UG,Nissan,JUKE 1.0 DIG-T 114cv Acenta DCT,2024,Gasolina,38326,20490,114,Automática,Nissan,Évora,Évora,31/01/2024,https://www.amatoscar.pt/carro-usado/nissan-juke-1-0-dig-t-114cv-acenta-dct-2772879140/,1
2026-09-14,2772325802,BJ93RA,Nissan,JUKE 1.0 DIG-T 114cv N-Connecta DCT,2024,Gasolina,49150,21490,114,Automática,Nissan,Évora,Évora,20/05/2024,https://www.amatoscar.pt/carro-usado/nissan-juke-1-0-dig-t-114cv-n-connecta-dct-2772325802/,1
2026-09-14,2772325801,BJ46RB,Nissan,JUKE 1.0 DIG-T 114cv N-Connecta DCT,2024,Gasolina,40372,21950,114,Automática,Nissan,Évora,Évora,20/05/2024,https://www.amatoscar.pt/carro-usado/nissan-juke-1-0-dig-t-114cv-n-connecta-dct-2772325801/,1
2026-09-14,2772280634,BH69MF,Nissan,JUKE 1.0 DIG-T 114cv N-Connecta TT DCT,2024,Gasolina,35173,21490,114,Automática,Nissan,Évora,Évora,28/02/2024,https://www.amatoscar.pt/carro-usado/nissan-juke-1-0-dig-t-114cv-n-connecta-tt-dct-2772280634/,1
2026-09-14,2772280632,BH64SO,Nissan,Qashqai 1.3 158cv mHEV AT 4×2 N-Connecta LED + S,2024,Híbrido,7,25990,158,Automática,Nissan,Évora,Évora,11/03/2024,https://www.amatoscar.pt/carro-usado/nissan-qashqai-1-3-158cv-mhev-at-4x2-n-connecta-led-s-2772280632/,1
2026-09-14,2772132344,BB69IV,Nissan,Qashqai 1.3 DIG-T 140CV mHEV 6MT N-Connecta,2023,Híbrido,24364,26990,140,Manual,Nissan,Évora,Évora,31/05/2023,https://www.amatoscar.pt/carro-usado/nissan-qashqai-1-3-dig-t-140cv-mhev-6mt-n-connecta-2772132344/,1
2026-09-14,2772160640,BF36DL,Ford,Transit 2.0 TDCi 130cv 330 L3H2 Trend,2022,Diesel,107788,33450,130,Manual,Nissan,Portalegre,Portalegre,12/12/2022,https://www.amatoscar.pt/carro-usado/ford-transit-2-0-tdci-130cv-330-l3h2-trend-2772160640/,1
2026-09-14,2772883731,AJ83SJ,Nissan,JUKE DIG-T (114 CV) M/T ACENTA,2021,Gasolina,94729,16650,114,Manual,ACENTA,Évora,Évora,07/10/2021,https://www.amatoscar.pt/carro-usado/nissan-juke-dig-t-114-cv-m-t-acenta-2772883731/,1
2026-09-14,2772931571,CF66CP,Fiat,600 Hybrid 1.2 145cv La Prima,2026,Híbrido,9504,24450,145,Manual,FIAT,Guarda,Guarda,27/02/2026,https://www.amatoscar.pt/carro-usado/fiat-600-hybrid-1-2-145cv-la-prima-2772931571/,1
2026-09-14,2772918995,CF68CS,Fiat,600 Hybrid 1.2 145cv La Prima,2026,Híbrido,8250,24450,145,Manual,FIAT,Guarda,Guarda,27/02/2026,https://www.amatoscar.pt/carro-usado/fiat-600-hybrid-1-2-145cv-la-prima-2772918995/,1
2026-09-14,2772918994,CF95CS,Fiat,600 Hybrid 1.2 145cv La Prima,2026,Híbrido,7941,24450,145,Automática,FIAT,Guarda,Guarda,27/02/2026,https://www.amatoscar.pt/carro-usado/fiat-600-hybrid-1-2-145cv-la-prima-2772918994/,1
2026-09-14,2772879138,BH96LC,Fiat,500 500 1.0 Hybrid 70cv,2024,Gasolina,37858,14250,70,Manual,FIAT,Guarda,Guarda,27/02/2024,https://www.amatoscar.pt/carro-usado/fiat-500-500-1-0-hybrid-70cv-2772879138/,1
2026-09-14,2772350127,BU85RC,Fiat,600 600 Hybrid 1.2 145cv DCT POP,2025,Híbrido,17000,21750,145,Automática,FIAT,Guarda,Guarda,28/06/2025,https://www.amatoscar.pt/carro-usado/fiat-600-600-hybrid-1-2-145cv-dct-pop-2772350127/,1
2026-09-14,2772325797,BX82GA,Fiat,Grande Panda Grande Panda Hybrid 1.2 110cv eDCT La Prima,2025,Híbrido,8000,20750,110,Automática,FIAT,Guarda,Guarda,28/08/2025,https://www.amatoscar.pt/carro-usado/fiat-grande-panda-grande-panda-hybrid-1-2-110cv-edct-la-prima-2772325797/,1
2026-09-14,2772249895,AV70MV,Volkswagen,"Crafter 35 Carg L3H3 11,3M3 2.0TDI Diant",2022,Diesel,204346,23450,140,Manual,Citroën,Guarda,Guarda,29/12/2022,https://www.amatoscar.pt/carro-usado/volkswagen-crafter-35-carg-l3h3-113m3-2-0tdi-diant-2772249895/,1
2026-09-14,2772249894,AT47NF,Volkswagen,Crafter Crafter 2.0 TDI,2022,Diesel,180000,23450,140,Manual,Citroën,Guarda,Guarda,29/09/2022,https://www.amatoscar.pt/carro-usado/volkswagen-crafter-crafter-2-0-tdi-2772249894/,1
2026-09-14,2772207461,AZ34RJ,Fiat,Tipo 1.3 Multijet 95cv Tipo,2023,Diesel,67143,16250,95,Manual,FIAT,Guarda,Guarda,30/03/2023,https://www.amatoscar.pt/carro-usado/fiat-tipo-1-3-multijet-95cv-tipo-2772207461/,1
2026-09-14,2772207459,AX03VE,Fiat,Tipo 1.3 Multijet 95cv Tipo,2023,Diesel,64485,16250,95,Manual,FIAT,Guarda,Guarda,28/02/2023,https://www.amatoscar.pt/carro-usado/fiat-tipo-1-3-multijet-95cv-tipo-2772207459/,1
2026-09-14,2772189788,BA50AB,Ford,Focus 1.0 ECOBOOST 125cv MHEV ACTIVE,2023,Gasolina,92943,16950,125,Manual,Citroën,Guarda,Guarda,14/04/2023,https://www.amatoscar.pt/carro-usado/ford-focus-1-0-ecoboost-125cv-mhev-active-2772189788/,1
2026-09-14,2772822530,BG05IL,Toyota,Proace City L1 1.5D 100cv Comfort,2024,Diesel,48224,18950,100,Manual,Toyota,Guarda,Guarda,09/01/2024,https://www.amatoscar.pt/carro-usado/toyota-proace-city-l1-1-5d-100cv-comfort-2772822530/,1
2026-09-14,2772822528,BH33HL,Toyota,Yaris Cross 1.5 Hybrid 115 Comfort,2024,Gasolina,53157,26000,116,Automática,Toyota,Guarda,Guarda,22/02/2024,https://www.amatoscar.pt/carro-usado/toyota-yaris-cross-1-5-hybrid-115-comfort-2772822528/,1
2026-09-14,2772337238,BJ10LM,Toyota,Aygo X 1.0 VVT-i play,2024,Gasolina,33875,17750,72,Manual,Toyota,Guarda,Guarda,08/05/2024,https://www.amatoscar.pt/carro-usado/toyota-aygo-x-1-0-vvt-i-play-2772337238/,1
2026-09-14,2771948924,AO06BP,Toyota,Corolla 1.8 Hybrid Comfort+Pack Sport,2022,Gasolina,47433,26950,122,Manual,Toyota,Guarda,Guarda,18/02/2022,https://www.amatoscar.pt/carro-usado/toyota-corolla-1-8-hybrid-comfortpack-sport-2771948924/,1
2026-09-14,2771948923,AN89XT,Toyota,C-HR 1.8 Hybrid Square Collection,2022,Gasolina,28764,29950,122,Manual,Toyota,Guarda,Guarda,14/02/2022,https://www.amatoscar.pt/carro-usado/toyota-c-hr-1-8-hybrid-square-collection-2771948923/,1
2026-09-14,2772928321,CL05OF,Citroen,C3 1.2 Turbo 100 CVM6 MAX,2026,Gasolina,73,21250,100,Manual,MAX,Évora,Évora,29/08/2026,https://www.amatoscar.pt/carro-usado/citroen-c3-1-2-turbo-100-cvm6-max-2772928321/,1
2026-09-14,2772091399,BS52IB,Toyota,C-HR 2.0 Plug-in Hybrid Dynamic Force Busines,2025,Gasolina,4,38950,223,automática,Toyota,Guarda,Guarda,09/06/2025,https://www.amatoscar.pt/carro-usado/toyota-c-hr-2-0-plug-in-hybrid-dynamic-force-busines-2772091399/,1
2026-09-14,2772091489,BN54GR,Alfa Romeo,Junior Elettrica 156Cv 50kWh FWD,2024,Eletrico,,31250,156,Automática,FWD,Évora,Évora,09/06/2024,https://www.amatoscar.pt/carro-usado/alfa-romeo-junior-elettrica-156cv-50kwh-fwd-2772091489/,1
2026-09-14,2772091509,AV40VR,Volvo,XC40 Recharge Twin 408 cv Plus 4WD,2023,Eletrico,,44450,408,Automática,WD,Évora,Évora,09/01/2023,https://www.amatoscar.pt/carro-usado/volvo-xc40-recharge-twin-408-cv-plus-4wd-2772091509/,1
2026-09-14,2772091562,BQ90DD,Audi,A5 TDI Avant,2025,Diesel,40153,53950,204,Automática,Avant,Évora,Évora,09/06/2025,https://www.amatoscar.pt/carro-usado/audi-a5-tdi-avant-2772091562/,1
2026-09-14,2772091645,BT75SC,Volkswagen,Multivan 1.5TSI PHEV Life DSG,2025,Gasolina,58,53950,245,automática,DSG,Évora,Évora,09/05/2025,https://www.amatoscar.pt/carro-usado/volkswagen-multivan-1-5tsi-phev-life-dsg-2772091645/,1
2026-09-14,2772091655,BS54CF,Volkswagen,Golf 1.5 eTSI 115cv STYLE DSG,2025,Gasolina,60,37450,115,Automática,DSG,Évora,Évora,09/06/2025,https://www.amatoscar.pt/carro-usado/volkswagen-golf-1-5-etsi-115cv-style-dsg-2772091655/,1
2026-09-14,2772147270,BU66PJ,Audi,A6 Avant e-tron Performance 100 kWh,2025,Eletrico,5,63450,367,Automática,kWh,Évora,Évora,04/06/2025,https://www.amatoscar.pt/carro-usado/audi-a6-avant-e-tron-performance-100-kwh-2772147270/,1
2026-09-14,2772147329,BX48CG,BMW,i5 eDrive40,2025,Eletrico,11,66950,340,Automática,,Évora,Évora,04/09/2025,https://www.amatoscar.pt/carro-usado/bmw-i5-edrive40-2772147329/,1
2026-09-14,2772147354,BX03FL,Peugeot,408 Elétrico 210 cv – Bateria 58 kWh GT,2025,Eletrico,3,39250,210,Automática,GT,Évora,Évora,04/09/2025,https://www.amatoscar.pt/carro-usado/peugeot-408-eletrico-210-cv-bateria-58-kwh-gt-2772147354/,1
2026-09-14,2772154567,BV36DO,BMW,Serie 5 530e,2025,Gasolina,8498,58950,299,Automática,e,Évora,Évora,17/09/2025,https://www.amatoscar.pt/carro-usado/bmw-serie-5-530e-2772154567/,1
2026-09-14,2772163661,BX92XU,Volvo,EX30 Cross Country 69 kWh Twin Motor Performance Ultra AWD,2025,Eletrico,6454,47450,428,Automática,AWD,Évora,Évora,30/09/2025,https://www.amatoscar.pt/carro-usado/volvo-ex30-cross-country-69-kwh-twin-motor-performance-ultra-awd-2772163661/,1
2026-09-14,2772164771,BZ87AH,BMW,i4 eDrive40,2025,Eletrico,2185,62950,340,Automática,,Évora,Évora,01/10/2025,https://www.amatoscar.pt/carro-usado/bmw-i4-edrive40-2772164771/,1
2026-09-14,2772167325,BX23HJ,BYD,SEAL 6 DM-I TOURING Comfort Lite,2025,Híbrido,10420,41950,212,Automática,BYD,Évora,Évora,02/10/2025,https://www.amatoscar.pt/carro-usado/byd-seal-6-dm-i-touring-comfort-lite-2772167325/,1
2026-09-14,2772170834,BZ03BU,Hyundai,Kauai Vanguard EV 66kWh MY24 (TT),2025,Eletrico,1684,37450,218,Automática,,Évora,Évora,07/10/2025,https://www.amatoscar.pt/carro-usado/hyundai-kauai-vanguard-ev-66kwh-my24-tt-2772170834/,1
2026-09-14,2772191408,BZ42TZ,Hyundai,Bayon 1.0 T-GDi Premium MY25 (TT),2025,Gasolina,1500,22750,100,Manual,,Évora,Évora,04/11/2025,https://www.amatoscar.pt/carro-usado/hyundai-bayon-1-0-t-gdi-premium-my25-tt-2772191408/,1
2026-09-14,2772192705,BZ74TG,Nissan,JUKE 1.0 DIG-T 114cv Acenta+,2025,Gasolina,4143,24250,114,Manual,Nissan,Évora,Évora,05/11/2025,https://www.amatoscar.pt/carro-usado/nissan-juke-1-0-dig-t-114cv-acenta-2772192705/,1
2026-09-14,2772213536,BZ39NV,Volvo,EX90 Single Motor Plus RWD 333cv,2025,Eletrico,3391,72450,333,Automática,cv,Évora,Évora,25/11/2025,https://www.amatoscar.pt/carro-usado/volvo-ex90-single-motor-plus-rwd-333cv-2772213536/,1
2026-09-14,2772248505,CB42LL,Audi,A5 TDI Avant,2026,Diesel,1019,49950,204,Automática,Avant,Évora,Évora,01/01/2026,https://www.amatoscar.pt/carro-usado/audi-a5-tdi-avant-2772248505/,1
2026-09-14,2772248506,CB49LL,Audi,Q6 e-tron performance 100 kWh,2026,Eletrico,10,67950,306,Automática,kWh,Évora,Évora,01/01/2026,https://www.amatoscar.pt/carro-usado/audi-q6-e-tron-performance-100-kwh-2772248506/,1
2026-09-14,2772274621,CB66SC,Kia,Sportage 1.6 T-GDi 6MT DRIVE,2026,Gasolina,7,33450,160,Manual,DRIVE,Évora,Évora,24/01/2026,https://www.amatoscar.pt/carro-usado/kia-sportage-1-6-t-gdi-6mt-drive-2772274621/,1
2026-09-14,2772280657,CE37DZ,Peugeot,2008 1.2 100 cv Allure CVM6,2026,Gasolina,1768,24750,100,Manual,,Évora,Évora,31/01/2026,https://www.amatoscar.pt/carro-usado/peugeot-2008-1-2-100-cv-allure-cvm6-2772280657/,1
2026-09-14,2772282199,CE55EZ,Nissan,Qashqai 1.3 140CV mHEV MT 4×2 Advance TT,2026,Gasolina,1982,34950,140,Manual,Nissan,Évora,Évora,03/02/2026,https://www.amatoscar.pt/carro-usado/nissan-qashqai-1-3-140cv-mhev-mt-4x2-advance-tt-2772282199/,1
2026-09-14,2772282208,CE26FZ,Hyundai,Tucson PHEV 1.6 TGDI AT e-Vanguard + TT MY25,2026,Híbrido,5277,43950,252,Automática,,Évora,Évora,03/02/2026,https://www.amatoscar.pt/carro-usado/hyundai-tucson-phev-1-6-tgdi-at-e-vanguard-tt-my25-2772282208/,1
2026-09-14,2772289644,CE57LQ,Toyota,Aygo X Hybrid 115 Envy,2026,Híbrido,3,27397,116,Automática,Toyota,Guarda,Guarda,11/02/2026,https://www.amatoscar.pt/carro-usado/toyota-aygo-x-hybrid-115-envy-2772289644/,1
2026-09-14,2772295916,CE40FP,Opel,Combo 1.5 M Diesel 100 Manual,2026,Diesel,,22250,100,Manual,Manual,Évora,Évora,19/02/2026,https://www.amatoscar.pt/carro-usado/opel-combo-1-5-m-diesel-100-manual-2772295916/,1
2026-09-14,2772296635,CE47LB,Kia,K4 1.0 T-GDI 6M,2026,Gasolina,10,26950,100,Manual,M,Évora,Évora,20/02/2026,https://www.amatoscar.pt/carro-usado/kia-k4-1-0-t-gdi-6m-2772296635/,1
2026-09-14,2772303703,CB52SC,Kia,Sportage 1.6 T-GDi 6MT DRIVE,2026,Gasolina,2573,33450,150,Manual,DRIVE,Évora,Évora,27/02/2026,https://www.amatoscar.pt/carro-usado/kia-sportage-1-6-t-gdi-6mt-drive-2772303703/,1
2026-09-14,2772306776,CF88AH,Volvo,XC40 B3 163cv Plus Dark Auto,2026,Gasolina,135,42950,163,Automática,Auto,Évora,Évora,03/03/2026,https://www.amatoscar.pt/carro-usado/volvo-xc40-b3-163cv-plus-dark-auto-2772306776/,1
2026-09-14,2772306784,CF98DR,Citroen,C5 X Híbrido Plug-in 180 S&S ëEAT8 Plus,2026,Híbrido,,44950,180,Automática,Plus,Évora,Évora,03/03/2026,https://www.amatoscar.pt/carro-usado/citroen-c5-x-hibrido-plug-in-180-ss-eeat8-plus-2772306784/,1
2026-09-14,2772310128,CE81EF,Kia,XCeed 1.0 T-GDi 6MT DRIVE,2026,Gasolina,4,24750,115,Manual,DRIVE,Évora,Évora,05/03/2026,https://www.amatoscar.pt/carro-usado/kia-xceed-1-0-t-gdi-6mt-drive-2772310128/,1
2026-09-14,2772324377,BH87NG,Kia,"EV9 1ST EDITION (99,8 kWh)",2024,Eletrico,7282,60950,204,Automática,,Évora,Évora,02/05/2024,https://www.amatoscar.pt/carro-usado/kia-ev9-1st-edition-998-kwh-2772324377/,1
2026-09-14,2772327669,CF81QV,Toyota,Yaris Cross 1.5 Hybrid 115 Comfort Plus,2026,Gasolina,5500,30148,116,Automática,Toyota,Guarda,Guarda,24/03/2026,https://www.amatoscar.pt/carro-usado/toyota-yaris-cross-1-5-hybrid-115-comfort-plus-2772327669/,1
2026-09-14,2772332234,CF53VA,Kia,XCeed 1.0 T-GDi 6MT DRIVE,2026,Gasolina,147,25450,115,Manual,DRIVE,Évora,Évora,27/03/2026,https://www.amatoscar.pt/carro-usado/kia-xceed-1-0-t-gdi-6mt-drive-2772332234/,1
2026-09-14,2772334860,CF25UE,Nissan,Micra 52kWh Advance – Two Tone,2026,Eletrico,9,31950,150,Automática,Nissan,Évora,Évora,31/03/2026,https://www.amatoscar.pt/carro-usado/nissan-micra-52kwh-advance-two-tone-2772334860/,1
2026-09-14,2772334870,CF39UP,Volkswagen,Caddy 2.0 TDI 102cv Maxi Life,2026,Diesel,,43950,102,Manual,Life,Évora,Évora,31/03/2026,https://www.amatoscar.pt/carro-usado/volkswagen-caddy-2-0-tdi-102cv-maxi-life-2772334870/,1
2026-09-14,2772337250,CG43BE,Opel,Corsa Edition 100 kW Bateria 50 kW,2026,Eletrico,,28950,136,Automática,kW,Évora,Évora,01/04/2026,https://www.amatoscar.pt/carro-usado/opel-corsa-edition-100-kw-bateria-50-kw-2772337250/,1
2026-09-14,2772337257,CG58BF,Opel,Combo 1.5 M Diesel 100 Manual,2026,Diesel,5,22450,100,Manual,Manual,Évora,Évora,01/04/2026,https://www.amatoscar.pt/carro-usado/opel-combo-1-5-m-diesel-100-manual-2772337257/,1
2026-09-14,2772337258,CG80BD,Opel,Combo 1.5 M Diesel 100 Manual,2026,Diesel,4,22450,100,Manual,Manual,Évora,Évora,01/04/2026,https://www.amatoscar.pt/carro-usado/opel-combo-1-5-m-diesel-100-manual-2772337258/,1
2026-09-14,2772338289,CG13AX,Volkswagen,Tiguan 1.5 TSI 272cv DSG PHEV R-Line,2026,Híbrido,25,53950,272,Automática,Line,Évora,Évora,02/04/2026,https://www.amatoscar.pt/carro-usado/volkswagen-tiguan-1-5-tsi-272cv-dsg-phev-r-line-2772338289/,1
2026-09-14,2772338297,CF55LV,Volvo,XC60 2.0 T6 350 AWD PHEV Plus Bright Auto,2026,Híbrido,8,60950,350,Automática,Auto,Évora,Évora,02/04/2026,https://www.amatoscar.pt/carro-usado/volvo-xc60-2-0-t6-350-awd-phev-plus-bright-auto-2772338297/,1
2026-09-14,2772338301,CG49DR,Kia,Picanto 1.0 GDi 5MT URBAN,2026,Gasolina,54,18990,68,Manual,URBAN,Évora,Évora,02/04/2026,https://www.amatoscar.pt/carro-usado/kia-picanto-1-0-gdi-5mt-urban-2772338301/,1
2026-09-14,2772339218,CG33DS,BMW,i5 eDrive40 Touring,2026,Eletrico,7,85410,340,Automática,Touring,Évora,Évora,03/03/2026,https://www.amatoscar.pt/carro-usado/bmw-i5-edrive40-touring-2772339218/,1
2026-09-14,2772339221,CF52LB,Volvo,XC60 2.0 T6 350 AWD PHEV Plus Bright Auto,2026,Híbrido,246,60950,350,Automática,Auto,Évora,Évora,03/04/2026,https://www.amatoscar.pt/carro-usado/volvo-xc60-2-0-t6-350-awd-phev-plus-bright-auto-2772339221/,1
2026-09-14,2772339224,CG04BN,Volvo,ES90 Single Motor Ultra RWD 333cv,2026,Eletrico,100,76450,333,Automática,cv,Évora,Évora,03/04/2026,https://www.amatoscar.pt/carro-usado/volvo-es90-single-motor-ultra-rwd-333cv-2772339224/,1
2026-09-14,2772339226,CF65TR,Kia,XCeed 1.0 T-GDi 6MT DYNAMIC,2026,Gasolina,7,23450,115,Manual,DYNAMIC,Évora,Évora,03/04/2026,https://www.amatoscar.pt/carro-usado/kia-xceed-1-0-t-gdi-6mt-dynamic-2772339226/,1
2026-09-14,2772339227,CG58DS,BMW,iX xDrive45,2026,Eletrico,4,87540,408,Automática,,Évora,Évora,03/04/2026,https://www.amatoscar.pt/carro-usado/bmw-ix-xdrive45-2772339227/,1
2026-09-14,2772345148,CG00HA,Toyota,C-HR (2023–>) C-HR+ BEV 77kWh Premium,2026,Eletrico,2,47087,223,Automática,Toyota,Guarda,Guarda,10/04/2026,https://www.amatoscar.pt/carro-usado/toyota-c-hr-2023-c-hr-bev-77kwh-premium-2772345148/,1
2026-09-14,2772484043,BL41TM,Nissan,Ariya 87 kWh 4×2 Advance C 22kW + T.Pan,2024,Eletrico,10700,42450,242,Automática,Nissan,Portalegre,Portalegre,18/06/2024,https://www.amatoscar.pt/carro-usado/nissan-ariya-87-kwh-4x2-advance-c-22kw-t-pan-2772484043/,1
2026-09-14,2772784039,CE38DZ,Opel,Corsa Edition 100 kW Bateria 50 kW,2026,Eletrico,,28750,136,Automática,kW,Évora,Évora,23/04/2026,https://www.amatoscar.pt/carro-usado/opel-corsa-edition-100-kw-bateria-50-kw-2772784039/,1
2026-09-14,2772785600,CG20PO,Hyundai,IONIQ 5 EV 570km Premium Plus MY25,2026,Eletrico,,50232,229,Automática,,Évora,Évora,24/04/2026,https://www.amatoscar.pt/carro-usado/hyundai-ioniq-5-ev-570km-premium-plus-my25-2772785600/,1
2026-09-14,2772792535,CG72XM,BYD,"Sealion 7 82,5kWh Comfort",2026,Eletrico,15,47950,313,Automática,BYD,Évora,Évora,01/05/2026,https://www.amatoscar.pt/carro-usado/byd-sealion-7-825kwh-comfort-2772792535/,1
2026-09-14,2772793460,CG87ZB,BMW,iX2 eDrive20,2026,Eletrico,3111,58236,204,Automática,,Évora,Évora,03/05/2026,https://www.amatoscar.pt/carro-usado/bmw-ix2-edrive20-2772793460/,1
2026-09-14,2772793461,CG33ZC,Volvo,XC40 B3 163cv Plus Dark Auto,2026,Gasolina,7,45450,163,Automática,Auto,Évora,Évora,03/05/2026,https://www.amatoscar.pt/carro-usado/volvo-xc40-b3-163cv-plus-dark-auto-2772793461/,1
2026-09-14,2772793463,CG81ZA,BMW,Serie 3 M3 Competition xDrive Auto,2026,Gasolina,1062,137415,530,Automática,Auto,Évora,Évora,03/05/2026,https://www.amatoscar.pt/carro-usado/bmw-serie-3-m3-competition-xdrive-auto-2772793463/,1
2026-09-14,2772793464,CG08ZB,BMW,i4 eDrive40,2026,Eletrico,703,73564,340,Automática,,Évora,Évora,03/05/2026,https://www.amatoscar.pt/carro-usado/bmw-i4-edrive40-2772793464/,1
2026-09-14,2772794549,CG22XR,Opel,Astra 1.2 Turbo 130cv S/S Edition,2026,Gasolina,4,25950,130,Manual,Edition,Évora,Évora,05/05/2026,https://www.amatoscar.pt/carro-usado/opel-astra-1-2-turbo-130cv-s-s-edition-2772794549/,1
2026-09-14,2772794552,CG42TI,Opel,Astra 1.2T Hybrid 145cv GS CADC6 ST,2026,Gasolina,4100,33450,145,Automática,ST,Évora,Évora,05/05/2026,https://www.amatoscar.pt/carro-usado/opel-astra-1-2t-hybrid-145cv-gs-cadc6-st-2772794552/,1
2026-09-14,2772794593,CG64UN,Volkswagen,Golf 1.5 eTSI 116cv URBAN DSG Variant,2026,Gasolina,7713,33950,116,Automática,Variant,Évora,Évora,05/05/2026,https://www.amatoscar.pt/carro-usado/volkswagen-golf-1-5-etsi-116cv-urban-dsg-variant-2772794593/,1
2026-09-14,2772794605,CH27AF,Peugeot,e-208 Style Elétrico 136 cv (100 kW) – Bateria 50 kW,2026,Eletrico,,26950,136,Automática,kW,Évora,Évora,05/05/2026,https://www.amatoscar.pt/carro-usado/peugeot-e-208-style-eletrico-136-cv-100-kw-bateria-50-kw-2772794605/,1
2026-09-14,2772804683,CH51EQ,Volkswagen,Multivan 1.5TSI PHEV Trend DSG,2026,Híbrido,4831,49950,245,Automática,DSG,Évora,Évora,12/05/2026,https://www.amatoscar.pt/carro-usado/volkswagen-multivan-1-5tsi-phev-trend-dsg-2772804683/,1
2026-09-14,2772172364,BZ50ES,Opel,Grandland BEV 210cv Bateria 73kw GS,2025,Eletrico,900,43450,213,Automática,GS,Évora,Évora,01/05/2025,https://www.amatoscar.pt/carro-usado/opel-grandland-bev-210cv-bateria-73kw-gs-2772172364/,1
2026-09-14,2772860713,CH21UQ,Audi,Q2 30 TFSI Advance,2026,Gasolina,20,31450,116,Manual,Advance,Évora,Évora,15/06/2026,https://www.amatoscar.pt/carro-usado/audi-q2-30-tfsi-advance-2772860713/,1
2026-09-14,2772860723,CH64XA,Nissan,JUKE 1.0 DIG-T 114cv Acenta+,2026,Gasolina,1430,23950,114,Manual,Nissan,Évora,Évora,15/06/2026,https://www.amatoscar.pt/carro-usado/nissan-juke-1-0-dig-t-114cv-acenta-2772860723/,1
2026-09-14,2772860724,CH70XA,Nissan,JUKE 1.0 DIG-T 114cv Acenta+,2026,Gasolina,9,23950,114,Manual,Nissan,Évora,Évora,15/06/2026,https://www.amatoscar.pt/carro-usado/nissan-juke-1-0-dig-t-114cv-acenta-2772860724/,1
2026-09-14,2772860736,CH93VF,Opel,Astra 1.2 Turbo 130cv S/S Edition ST,2026,Gasolina,115,27250,130,Manual,ST,Évora,Évora,15/06/2026,https://www.amatoscar.pt/carro-usado/opel-astra-1-2-turbo-130cv-s-s-edition-st-2772860736/,1
2026-09-14,2772860799,CH79ZA,Peugeot,208 Allure Turbo 100 cv CVM6,2026,Gasolina,10,20750,100,Manual,,Évora,Évora,15/06/2026,https://www.amatoscar.pt/carro-usado/peugeot-208-allure-turbo-100-cv-cvm6-2772860799/,1
2026-09-14,2772885280,CI01PL,BMW,Serie 5 M5,2026,Híbrido,15,171265,727,Automática,,Évora,Évora,24/06/2026,https://www.amatoscar.pt/carro-usado/bmw-serie-5-m5-2772885280/,1
2026-09-14,2772886666,CI87TM,Audi,A3 40 TFSIe S tronic allstreet,2026,Híbrido,15,42500,204,Automática,allstreet,Évora,Évora,26/06/2026,https://www.amatoscar.pt/carro-usado/audi-a3-40-tfsie-s-tronic-allstreet-2772886666/,1
2026-09-14,2772886669,CH10NN,Kia,"EV2 DYNAMIC (42,2 kWh)",2026,Eletrico,888,29950,147,Automática,,Évora,Évora,26/06/2026,https://www.amatoscar.pt/carro-usado/kia-ev2-dynamic-422-kwh-2772886669/,1
2026-09-14,2772887717,CI51UR,Audi,A1 25 TFSI Advanced Sportback,2026,Gasolina,11,26950,95,Manual,Sportback,Évora,Évora,27/06/2026,https://www.amatoscar.pt/carro-usado/audi-a1-25-tfsi-advanced-sportback-2772887717/,1
2026-09-14,2772887722,CI75VH,Kia,Stonic 1.0 T-GDi 6MT DRIVE,2026,Gasolina,8,21450,100,Manual,DRIVE,Évora,Évora,27/06/2026,https://www.amatoscar.pt/carro-usado/kia-stonic-1-0-t-gdi-6mt-drive-2772887722/,1
2026-09-14,2772889888,CI63VJ,BMW,i5 eDrive40,2026,Eletrico,63,73950,340,Automática,,Évora,Évora,01/07/2026,https://www.amatoscar.pt/carro-usado/bmw-i5-edrive40-2772889888/,1
2026-09-14,2772889901,CJ27BA,Citroen,C5 Aircross Elétrico 230cv Autonomia Alargada Automático MAX,2026,Eletrico,62,45450,231,Automática,MAX,Évora,Évora,01/07/2026,https://www.amatoscar.pt/carro-usado/citroen-c5-aircross-eletrico-230cv-autonomia-alargada-automatico-max-2772889901/,1
2026-09-14,2772891724,CJ55CB,Nissan,JUKE 1.0 DIG-T 114cv Acenta+,2026,Gasolina,68,29006,114,Manual,Nissan,Évora,Évora,02/07/2026,https://www.amatoscar.pt/carro-usado/nissan-juke-1-0-dig-t-114cv-acenta-2772891724/,1
2026-09-14,2772891725,CI26UG,Nissan,LEAF 52 kWh Advance,2026,Eletrico,183,48056,177,Automática,Nissan,Évora,Évora,02/07/2026,https://www.amatoscar.pt/carro-usado/nissan-leaf-52-kwh-advance-2772891725/,1
2026-09-14,2772891737,CJ94DQ,BMW,iX2 eDrive20,2026,Eletrico,1843,54950,204,Automática,,Évora,Évora,02/07/2026,https://www.amatoscar.pt/carro-usado/bmw-ix2-edrive20-2772891737/,1
2026-09-14,2772899001,CE68DZ,Opel,Corsa Edition 100 kW Bateria 50 kW,2026,Eletrico,309,28950,136,Automática,kW,Évora,Évora,10/07/2026,https://www.amatoscar.pt/carro-usado/opel-corsa-edition-100-kw-bateria-50-kw-2772899001/,1
2026-09-14,2772901161,CJ92DO,Kia,Sportage 1.6 T-GDi 6AT PHEV GT-LINE,2026,Híbrido,60,44750,288,Automática,LINE,Évora,Évora,14/07/2026,https://www.amatoscar.pt/carro-usado/kia-sportage-1-6-t-gdi-6at-phev-gt-line-2772901161/,1
2026-09-14,2772906888,CJ06PT,Peugeot,208 Edition Turbo 100 cv CVM6,2026,Gasolina,159,20450,100,Manual,,Évora,Évora,23/07/2026,https://www.amatoscar.pt/carro-usado/peugeot-208-edition-turbo-100-cv-cvm6-2772906888/,1
2026-09-14,2772911138,CH04ZJ,BMW,Serie 3 330e Auto,2026,Híbrido,500,66800,292,Automática,Auto,Évora,Évora,30/07/2026,https://www.amatoscar.pt/carro-usado/bmw-serie-3-330e-auto-2772911138/,1
2026-09-14,2772912134,CJ03VH,Volkswagen,T-Roc 1.5 eTSI 116cv DSG STYLE,2026,Gasolina,226,34450,116,Automática,STYLE,Évora,Évora,31/07/2026,https://www.amatoscar.pt/carro-usado/volkswagen-t-roc-1-5-etsi-116cv-dsg-style-2772912134/,1
2026-09-14,2772912148,CJ59VN,Citroen,C3 1.2 Turbo 100 CVM6 PLUS,2026,Gasolina,,19450,100,Manual,PLUS,Évora,Évora,31/07/2026,https://www.amatoscar.pt/carro-usado/citroen-c3-1-2-turbo-100-cvm6-plus-2772912148/,1
2026-09-14,2772912150,CJ86VQ,Citroen,C3 1.2 Turbo 100 CVM6 COLLECTION,2026,Gasolina,71,19950,100,Manual,COLLECTION,Évora,Évora,31/07/2026,https://www.amatoscar.pt/carro-usado/citroen-c3-1-2-turbo-100-cvm6-collection-2772912150/,1
2026-09-14,2772912152,CJ99VO,Citroen,C3 1.2 Turbo 100 CVM6 MAX,2026,Gasolina,,20750,100,Manual,MAX,Évora,Évora,31/07/2026,https://www.amatoscar.pt/carro-usado/citroen-c3-1-2-turbo-100-cvm6-max-2772912152/,1
2026-09-14,2772912937,CJ20XU,Citroen,Berlingo M 1.5 BlueHDi 100 S&S CVM6,2026,Diesel,10,24250,100,Manual,,Évora,Évora,01/08/2026,https://www.amatoscar.pt/carro-usado/citroen-berlingo-m-1-5-bluehdi-100-ss-cvm6-2772912937/,1
2026-09-14,2772912941,CJ17XV,Peugeot,208 Allure Turbo 100 cv CVM6,2026,Gasolina,6,21750,100,Manual,,Évora,Évora,01/08/2026,https://www.amatoscar.pt/carro-usado/peugeot-208-allure-turbo-100-cv-cvm6-2772912941/,1
2026-09-14,2772912942,CJ67XU,Peugeot,2008 1.2 Hybrid 110 cv Style e-DCS6,2026,Gasolina,,25950,110,,,Évora,Évora,01/08/2026,https://www.amatoscar.pt/carro-usado/peugeot-2008-1-2-hybrid-110-cv-style-e-dcs6-2772912942/,1
2026-09-14,2772914131,CJ72ZJ,Nissan,X-Trail 7 lugares e-POWER 213CV e-4ORCE Evolve,2026,Gasolina,485,60048,213,Automática,Nissan,Évora,Évora,04/08/2026,https://www.amatoscar.pt/carro-usado/nissan-x-trail-7-lugares-e-power-213cv-e-4orce-evolve-2772914131/,1
2026-09-14,2772914162,CJ26ZU,Peugeot,2008 1.2 Hybrid 145 cv Allure e-DCS6,2026,Gasolina,163,28750,145,Automática,,Évora,Évora,04/08/2026,https://www.amatoscar.pt/carro-usado/peugeot-2008-1-2-hybrid-145-cv-allure-e-dcs6-2772914162/,1
2026-09-14,2772921150,CJ36VF,Volkswagen,T-Roc 1.5 eTSI 116cv DSG TREND,2026,Gasolina,,28450,116,,TREND,Évora,Évora,15/08/2026,https://www.amatoscar.pt/carro-usado/volkswagen-t-roc-1-5-etsi-116cv-dsg-trend-2772921150/,1
2026-09-14,2772921151,CJ88VE,Volkswagen,Caddy 2.0 TDI 102cv Cargo Business,2026,Diesel,,24950,102,Manual,Business,Évora,Évora,15/08/2026,https://www.amatoscar.pt/carro-usado/volkswagen-caddy-2-0-tdi-102cv-cargo-business-2772921151/,1
2026-09-14,2772923039,CJ79BD,Citroen,C3 1.2 Turbo 100 CVM6 PLUS,2026,Gasolina,7,19450,100,Manual,PLUS,Évora,Évora,19/08/2026,https://www.amatoscar.pt/carro-usado/citroen-c3-1-2-turbo-100-cvm6-plus-2772923039/,1
2026-09-14,2772927471,CL71NI,Opel,Mokka Mokka Electric Edition 156cv (115kW) Autom,2026,Eletrico,8,39000,156,Automática,Autom,Évora,Évora,28/08/2026,https://www.amatoscar.pt/carro-usado/opel-mokka-mokka-electric-edition-156cv-115kw-autom-2772927471/,1
2026-09-14,2772927476,CJ72VN,Citroen,C3 1.2 Turbo 100 CVM6 PLUS,2026,Gasolina,10,19250,100,Manual,PLUS,Évora,Évora,28/08/2026,https://www.amatoscar.pt/carro-usado/citroen-c3-1-2-turbo-100-cvm6-plus-2772927476/,1
2026-09-14,2772929573,CI71VJ,BMW,X2 M35i,2026,Gasolina,,87445,300,Automática,i,Évora,Évora,01/08/2026,https://www.amatoscar.pt/carro-usado/bmw-x2-m35i-2772929573/,1
2026-09-14,2772931592,CL05QR,Opel,Corsa 1.2 Turbo 100cv GS CA8,2026,Gasolina,,23500,100,Automática,,Évora,Évora,03/09/2026,https://www.amatoscar.pt/carro-usado/opel-corsa-1-2-turbo-100cv-gs-ca8-2772931592/,1
2026-09-14,2772912135,CJ77VH,Volkswagen,Amarok Style KingCab 4×4 2.0TDI 205cv Auto,2026,Diesel,2246,51450,205,Automática,Auto,Évora,Évora,31/07/2026,https://www.amatoscar.pt/carro-usado/volkswagen-amarok-style-kingcab-4x4-2-0tdi-205cv-auto-2772912135/,1
2026-09-14,2772889895,CJ76BC,Citroen,ë-C4 Elétrico 156cv Autonomia Alargada MAX,2026,Eletrico,7,37950,156,Automática,MAX,Évora,Évora,01/07/2026,https://www.amatoscar.pt/carro-usado/citroen-e-c4-eletrico-156cv-autonomia-alargada-max-2772889895/,1
2026-09-14,2772889894,CJ30BB,Citroen,ë-C4 Elétrico 156cv Autonomia Alargada MAX,2026,Eletrico,5,37950,156,Automática,MAX,Évora,Évora,01/07/2026,https://www.amatoscar.pt/carro-usado/citroen-e-c4-eletrico-156cv-autonomia-alargada-max-2772889894/,1
